id,voteStatus,stage,roundName,votingStartDate,votingEndDate,votingOpenedAt,selectedFormation,winners,formations,id.1,venueName,venueCity,venueId,date,homeSquadId,awaySquadId,homeSquadName,awaySquadName,homeSquadAbbr,awaySquadAbbr,homeScore,awayScore,groupName,matchDay,goal_diff,rank,team_id,Team,TeamAbbr,Goals,Assists,Attempts_at_goal,Attempts_on_target,Off_Target_Attempts,Attempts_at_goal_conversionrate(%),Attempts_Inside_PenaltyArea,Attemps_Outside_PenaltyArea,Headed_Attemps_at_Goal,xG,xG_Efficiency,Corners,Possession_Control(%)
1,complete,group,round_1,2026-06-18T05:00:00+01:00,2026-06-20T05:00:00+01:00,2026-06-18T09:10:01+01:00,,"[1844, 1987, 2267, 2571]",,1,Estadio Banorte,Mexico City,1,2026-06-11T20:00:00+01:00,52,96,Mexico,South Africa,MEX,RSA,2,0,A,1,2,11,52,Mexico,MEX,10,7,70,21,32,14,44,26,13,8.1,1.23,19,48
1,complete,group,round_1,2026-06-18T05:00:00+01:00,2026-06-20T05:00:00+01:00,2026-06-18T09:10:01+01:00,,"[1844, 1987, 2267, 2571]",,2,Estadio Akron,Guadalajara,2,2026-06-12T03:00:00+01:00,51,15,Korea Republic,Czechia,KOR,CZE,2,1,A,1,1,34,51,Korea Republic,KOR,2,2,32,11,13,6,21,11,9,3.38,0.59,12,56
1,complete,group,round_1,2026-06-18T05:00:00+01:00,2026-06-20T05:00:00+01:00,2026-06-18T09:10:01+01:00,,"[1844, 1987, 2267, 2571]",,3,Bmo Field,Toronto,3,2026-06-12T20:00:00+01:00,9,6,Canada,Bosnia and Herzegovina,CAN,BIH,1,1,B,1,0,6,9,Colombia,CAN,5,5,94,31,40,5,55,39,13,7.32,0.68,24,53
1,complete,group,round_1,2026-06-18T05:00:00+01:00,2026-06-20T05:00:00+01:00,2026-06-18T09:10:01+01:00,,"[1844, 1987, 2267, 2571]",,4,Sofi Stadium,"Inglewood, California",4,2026-06-13T02:00:00+01:00,111,58,USA,Paraguay,USA,PAR,4,1,D,1,3,18,111,USA,USA,11,4,59,19,24,19,47,12,12,6.37,1.73,26,52
1,complete,group,round_1,2026-06-18T05:00:00+01:00,2026-06-20T05:00:00+01:00,2026-06-18T09:10:01+01:00,,"[1844, 1987, 2267, 2571]",,5,Levi's Stadium,"Santa Clara, California",5,2026-06-13T20:00:00+01:00,60,99,Qatar,Switzerland,QAT,SUI,1,1,B,1,0,47,60,Qatar,QAT,2,1,17,6,10,12,10,7,2,1.88,1.06,9,31
1,complete,group,round_1,2026-06-18T05:00:00+01:00,2026-06-20T05:00:00+01:00,2026-06-18T09:10:01+01:00,,"[1844, 1987, 2267, 2571]",,6,Metlife Stadium,"East Rutherford, New Jersey",6,2026-06-13T23:00:00+01:00,7,53,Brazil,Morocco,BRA,MAR,1,1,C,1,0,10,7,Brazil,BRA,10,8,73,29,24,14,50,23,11,10.88,0.92,27,48
1,complete,group,round_1,2026-06-18T05:00:00+01:00,2026-06-20T05:00:00+01:00,2026-06-18T09:10:01+01:00,,"[1844, 1987, 2267, 2571]",,7,Gillette Stadium,"Foxborough, Massachusetts",7,2026-06-14T02:00:00+01:00,46,90,Haiti,Scotland,HAI,SCO,0,1,C,1,-1,37,46,Haiti,HAI,2,1,31,7,15,6,16,15,5,1.62,1.24,9,42
1,complete,group,round_1,2026-06-18T05:00:00+01:00,2026-06-20T05:00:00+01:00,2026-06-18T09:10:01+01:00,,"[1844, 1987, 2267, 2571]",,8,Bc Place,Vancouver,8,2026-06-14T05:00:00+01:00,3,109,Australia,Türkiye,AUS,TUR,2,0,D,1,2,26,3,Australia,AUS,3,1,42,13,19,7,26,16,6,2.73,1.1,16,35
1,complete,group,round_1,2026-06-18T05:00:00+01:00,2026-06-20T05:00:00+01:00,2026-06-18T09:10:01+01:00,,"[1844, 1987, 2267, 2571]",,9,Nrg Stadium,"Houston, Texas",9,2026-06-14T18:00:00+01:00,20,14,Germany,Curaçao,GER,CUW,7,1,E,1,6,8,20,Germany,GER,11,10,74,28,26,15,48,26,12,8.64,1.27,34,56
1,complete,group,round_1,2026-06-18T05:00:00+01:00,2026-06-20T05:00:00+01:00,2026-06-18T09:10:01+01:00,,"[1844, 1987, 2267, 2571]",,10,At&t Stadium,"Arlington, Texas",10,2026-06-14T21:00:00+01:00,54,49,Netherlands,Japan,NED,JPN,2,2,F,1,0,23,54,Netherlands,NED,11,10,46,22,15,24,35,11,14,5,2.2,18,50
1,complete,group,round_1,2026-06-18T05:00:00+01:00,2026-06-20T05:00:00+01:00,2026-06-18T09:10:01+01:00,,"[1844, 1987, 2267, 2571]",,11,Lincoln Financial Field,"Philadelphia, Pennsylvania",11,2026-06-15T00:00:00+01:00,12,16,Côte d'Ivoire,Ecuador,CIV,ECU,1,0,E,1,1,20,12,Cabo Verde,CIV,4,2,49,12,21,8,20,29,6,2.56,1.56,17,35
1,complete,group,round_1,2026-06-18T05:00:00+01:00,2026-06-20T05:00:00+01:00,2026-06-18T09:10:01+01:00,,"[1844, 1987, 2267, 2571]",,12,Estadio Bbva,Guadalupe,12,2026-06-15T03:00:00+01:00,98,108,Sweden,Tunisia,SWE,TUN,5,1,F,1,4,22,98,Sweden,SWE,7,6,48,23,18,15,30,18,8,4.66,1.5,18,43
1,complete,group,round_1,2026-06-18T05:00:00+01:00,2026-06-20T05:00:00+01:00,2026-06-18T09:10:01+01:00,,"[1844, 1987, 2267, 2571]",,13,Mercedes-benz Stadium,"Atlanta, Georgia",13,2026-06-15T17:00:00+01:00,97,8,Spain,Cabo Verde,ESP,CPV,0,0,H,1,0,1,97,Spain,ESP,14,10,140,54,59,10,79,61,22,17.48,0.8,54,58
1,complete,group,round_1,2026-06-18T05:00:00+01:00,2026-06-20T05:00:00+01:00,2026-06-18T09:10:01+01:00,,"[1844, 1987, 2267, 2571]",,14,Lumen Field,"Seattle, Washington",14,2026-06-15T20:00:00+01:00,5,17,Belgium,Egypt,BEL,EGY,1,1,G,1,0,5,5,Belgium,BEL,14,10,112,35,43,13,74,38,16,10.62,1.32,24,46
1,complete,group,round_1,2026-06-18T05:00:00+01:00,2026-06-20T05:00:00+01:00,2026-06-18T09:10:01+01:00,,"[1844, 1987, 2267, 2571]",,15,Hard Rock Stadium,"Miami Gardens, Florida",15,2026-06-15T23:00:00+01:00,89,110,Saudi Arabia,Uruguay,KSA,URU,1,1,H,1,0,47,89,Saudi Arabia,KSA,1,0,17,8,5,6,8,9,3,1.52,0.66,7,33
1,complete,group,round_1,2026-06-18T05:00:00+01:00,2026-06-20T05:00:00+01:00,2026-06-18T09:10:01+01:00,,"[1844, 1987, 2267, 2571]",,16,Sofi Stadium,"Inglewood, California",4,2026-06-16T02:00:00+01:00,47,55,IR Iran,New Zealand,IRN,NZL,2,2,G,1,0,29,47,IR Iran,IRN,3,1,37,10,15,8,26,11,7,4.57,0.66,8,37
1,complete,group,round_1,2026-06-18T05:00:00+01:00,2026-06-20T05:00:00+01:00,2026-06-18T09:10:01+01:00,,"[1844, 1987, 2267, 2571]",,17,Metlife Stadium,"East Rutherford, New Jersey",6,2026-06-16T20:00:00+01:00,19,95,France,Senegal,FRA,SEN,3,1,I,1,2,2,19,France,FRA,20,18,139,59,59,14,77,62,10,16.78,1.19,51,51
1,complete,group,round_1,2026-06-18T05:00:00+01:00,2026-06-20T05:00:00+01:00,2026-06-18T09:10:01+01:00,,"[1844, 1987, 2267, 2571]",,18,Gillette Stadium,"Foxborough, Massachusetts",7,2026-06-16T23:00:00+01:00,48,56,Iraq,Norway,IRQ,NOR,1,4,I,1,-3,44,48,Iraq,IRQ,1,1,21,2,13,5,12,9,6,2.11,0.47,7,37
1,complete,group,round_1,2026-06-18T05:00:00+01:00,2026-06-20T05:00:00+01:00,2026-06-18T09:10:01+01:00,,"[1844, 1987, 2267, 2571]",,19,Geha Field At Arrowhead Stadium,"Kansas City, Missouri",16,2026-06-17T02:00:00+01:00,2,1,Argentina,Algeria,ARG,ALG,3,0,J,1,3,4,2,Argentina,ARG,19,12,115,46,49,17,66,49,22,15.45,1.23,41,53
1,complete,group,round_1,2026-06-18T05:00:00+01:00,2026-06-20T05:00:00+01:00,2026-06-18T09:10:01+01:00,,"[1844, 1987, 2267, 2571]",,20,Levi's Stadium,"Santa Clara, California",5,2026-06-17T05:00:00+01:00,4,50,Austria,Jordan,AUT,JOR,3,1,J,1,2,37,4,Austria,AUT,6,4,31,8,18,19,19,12,7,3.88,1.55,10,41
1,complete,group,round_1,2026-06-18T05:00:00+01:00,2026-06-20T05:00:00+01:00,2026-06-18T09:10:01+01:00,,"[1844, 1987, 2267, 2571]",,21,Nrg Stadium,"Houston, Texas",9,2026-06-17T18:00:00+01:00,59,11,Portugal,Congo DR,POR,COD,1,1,K,1,0,17,59,Portugal,POR,8,4,62,17,31,13,40,22,8,6.39,1.25,22,53
1,complete,group,round_1,2026-06-18T05:00:00+01:00,2026-06-20T05:00:00+01:00,2026-06-18T09:10:01+01:00,,"[1844, 1987, 2267, 2571]",,22,At&t Stadium,"Arlington, Texas",10,2026-06-17T21:00:00+01:00,18,13,England,Croatia,ENG,CRO,4,2,L,1,2,3,18,England,ENG,20,14,118,52,40,17,88,30,27,15.03,1.33,40,50
1,complete,group,round_1,2026-06-18T05:00:00+01:00,2026-06-20T05:00:00+01:00,2026-06-18T09:10:01+01:00,,"[1844, 1987, 2267, 2571]",,23,Bmo Field,Toronto,3,2026-06-18T00:00:00+01:00,21,57,Ghana,Panama,GHA,PAN,1,0,L,1,1,43,21,Ghana,GHA,2,2,23,3,10,9,12,11,3,2.34,0.85,8,34
1,complete,group,round_1,2026-06-18T05:00:00+01:00,2026-06-20T05:00:00+01:00,2026-06-18T09:10:01+01:00,,"[1844, 1987, 2267, 2571]",,24,Estadio Banorte,Mexico City,1,2026-06-18T03:00:00+01:00,112,10,Uzbekistan,Colombia,UZB,COL,1,3,K,1,-2,45,112,Uzbekistan,UZB,2,1,18,5,8,11,10,8,2,1.71,1.17,9,35
2,complete,group,round_2,2026-06-24T05:00:00+01:00,2026-06-26T05:00:00+01:00,2026-06-24T03:10:02+01:00,,"[1844, 1969, 2139, 2701]",,25,Mercedes-benz Stadium,"Atlanta, Georgia",13,2026-06-18T17:00:00+01:00,15,96,Czechia,South Africa,CZE,RSA,1,1,A,2,0,33,15,Czechia,CZE,2,2,34,8,15,6,22,12,10,2.44,0.82,15,37
2,complete,group,round_2,2026-06-24T05:00:00+01:00,2026-06-26T05:00:00+01:00,2026-06-24T03:10:02+01:00,,"[1844, 1969, 2139, 2701]",,26,Sofi Stadium,"Inglewood, California",4,2026-06-18T20:00:00+01:00,99,6,Switzerland,Bosnia and Herzegovina,SUI,BIH,4,1,B,2,3,8,99,Switzerland,SUI,10,6,74,30,28,14,50,24,7,9.59,1.04,28,49
2,complete,group,round_2,2026-06-24T05:00:00+01:00,2026-06-26T05:00:00+01:00,2026-06-24T03:10:02+01:00,,"[1844, 1969, 2139, 2701]",,27,Bc Place,Vancouver,8,2026-06-18T23:00:00+01:00,9,60,Canada,Qatar,CAN,QAT,6,0,B,2,6,6,9,Colombia,CAN,5,5,94,31,40,5,55,39,13,7.32,0.68,24,53
2,complete,group,round_2,2026-06-24T05:00:00+01:00,2026-06-26T05:00:00+01:00,2026-06-24T03:10:02+01:00,,"[1844, 1969, 2139, 2701]",,28,Estadio Akron,Guadalajara,2,2026-06-19T02:00:00+01:00,52,51,Mexico,Korea Republic,MEX,KOR,1,0,A,2,1,11,52,Mexico,MEX,10,7,70,21,32,14,44,26,13,8.1,1.23,19,48
2,complete,group,round_2,2026-06-24T05:00:00+01:00,2026-06-26T05:00:00+01:00,2026-06-24T03:10:02+01:00,,"[1844, 1969, 2139, 2701]",,29,Lumen Field,"Seattle, Washington",14,2026-06-19T20:00:00+01:00,111,3,USA,Australia,USA,AUS,2,0,D,2,2,18,111,USA,USA,11,4,59,19,24,19,47,12,12,6.37,1.73,26,52
2,complete,group,round_2,2026-06-24T05:00:00+01:00,2026-06-26T05:00:00+01:00,2026-06-24T03:10:02+01:00,,"[1844, 1969, 2139, 2701]",,30,Gillette Stadium,"Foxborough, Massachusetts",7,2026-06-19T23:00:00+01:00,90,53,Scotland,Morocco,SCO,MAR,0,1,C,2,-1,40,90,Scotland,SCO,1,0,29,7,12,3,23,6,6,2.34,0.43,12,41
2,complete,group,round_2,2026-06-24T05:00:00+01:00,2026-06-26T05:00:00+01:00,2026-06-24T03:10:02+01:00,,"[1844, 1969, 2139, 2701]",,31,Lincoln Financial Field,"Philadelphia, Pennsylvania",11,2026-06-20T01:30:00+01:00,7,46,Brazil,Haiti,BRA,HAI,3,0,C,2,3,10,7,Brazil,BRA,10,8,73,29,24,14,50,23,11,10.88,0.92,27,48
2,complete,group,round_2,2026-06-24T05:00:00+01:00,2026-06-26T05:00:00+01:00,2026-06-24T03:10:02+01:00,,"[1844, 1969, 2139, 2701]",,32,Levi's Stadium,"Santa Clara, California",5,2026-06-20T04:00:00+01:00,109,58,Türkiye,Paraguay,TUR,PAR,0,1,D,2,-1,45,109,Tunisia,TUR,2,2,18,6,8,11,6,12,4,1.12,1.78,9,36
2,complete,group,round_2,2026-06-24T05:00:00+01:00,2026-06-26T05:00:00+01:00,2026-06-24T03:10:02+01:00,,"[1844, 1969, 2139, 2701]",,33,Nrg Stadium,"Houston, Texas",9,2026-06-20T18:00:00+01:00,54,98,Netherlands,Sweden,NED,SWE,5,1,F,2,4,23,54,Netherlands,NED,11,10,46,22,15,24,35,11,14,5,2.2,18,50
2,complete,group,round_2,2026-06-24T05:00:00+01:00,2026-06-26T05:00:00+01:00,2026-06-24T03:10:02+01:00,,"[1844, 1969, 2139, 2701]",,34,Bmo Field,Toronto,3,2026-06-20T21:00:00+01:00,20,12,Germany,Côte d'Ivoire,GER,CIV,2,1,E,2,1,8,20,Germany,GER,11,10,74,28,26,15,48,26,12,8.64,1.27,34,56
2,complete,group,round_2,2026-06-24T05:00:00+01:00,2026-06-26T05:00:00+01:00,2026-06-24T03:10:02+01:00,,"[1844, 1969, 2139, 2701]",,35,Geha Field At Arrowhead Stadium,"Kansas City, Missouri",16,2026-06-21T01:00:00+01:00,16,14,Ecuador,Curaçao,ECU,CUW,0,0,E,2,0,19,16,Ecuador,ECU,2,2,53,20,26,4,35,18,12,5.88,0.34,25,52
2,complete,group,round_2,2026-06-24T05:00:00+01:00,2026-06-26T05:00:00+01:00,2026-06-24T03:10:02+01:00,,"[1844, 1969, 2139, 2701]",,36,Estadio Bbva,Guadalupe,12,2026-06-21T05:00:00+01:00,108,49,Tunisia,Japan,TUN,JPN,0,4,F,2,-4,11,108,Turkiye,TUN,3,2,70,14,35,4,37,33,7,5.5,0.55,22,58
2,complete,group,round_2,2026-06-24T05:00:00+01:00,2026-06-26T05:00:00+01:00,2026-06-24T03:10:02+01:00,,"[1844, 1969, 2139, 2701]",,37,Mercedes-benz Stadium,"Atlanta, Georgia",13,2026-06-21T17:00:00+01:00,97,89,Spain,Saudi Arabia,ESP,KSA,4,0,H,2,4,1,97,Spain,ESP,14,10,140,54,59,10,79,61,22,17.48,0.8,54,58
2,complete,group,round_2,2026-06-24T05:00:00+01:00,2026-06-26T05:00:00+01:00,2026-06-24T03:10:02+01:00,,"[1844, 1969, 2139, 2701]",,38,Sofi Stadium,"Inglewood, California",4,2026-06-21T20:00:00+01:00,5,47,Belgium,IR Iran,BEL,IRN,0,0,G,2,0,5,5,Belgium,BEL,14,10,112,35,43,13,74,38,16,10.62,1.32,24,46
2,complete,group,round_2,2026-06-24T05:00:00+01:00,2026-06-26T05:00:00+01:00,2026-06-24T03:10:02+01:00,,"[1844, 1969, 2139, 2701]",,39,Hard Rock Stadium,"Miami Gardens, Florida",15,2026-06-21T23:00:00+01:00,110,8,Uruguay,Cabo Verde,URU,CPV,2,2,H,2,0,20,110,Uruguay,URU,3,1,49,13,25,6,27,22,15,3.95,0.76,26,51
2,complete,group,round_2,2026-06-24T05:00:00+01:00,2026-06-26T05:00:00+01:00,2026-06-24T03:10:02+01:00,,"[1844, 1969, 2139, 2701]",,40,Bc Place,Vancouver,8,2026-06-22T02:00:00+01:00,55,17,New Zealand,Egypt,NZL,EGY,1,3,G,2,-2,37,55,New Zealand,NZL,4,3,31,15,8,13,19,12,6,2.48,1.62,10,42
2,complete,group,round_2,2026-06-24T05:00:00+01:00,2026-06-26T05:00:00+01:00,2026-06-24T03:10:02+01:00,,"[1844, 1969, 2139, 2701]",,41,At&t Stadium,"Arlington, Texas",10,2026-06-22T18:00:00+01:00,2,4,Argentina,Austria,ARG,AUT,2,0,J,2,2,4,2,Argentina,ARG,19,12,115,46,49,17,66,49,22,15.45,1.23,41,53
2,complete,group,round_2,2026-06-24T05:00:00+01:00,2026-06-26T05:00:00+01:00,2026-06-24T03:10:02+01:00,,"[1844, 1969, 2139, 2701]",,42,Lincoln Financial Field,"Philadelphia, Pennsylvania",11,2026-06-22T22:00:00+01:00,19,48,France,Iraq,FRA,IRQ,3,0,I,2,3,2,19,France,FRA,20,18,139,59,59,14,77,62,10,16.78,1.19,51,51
2,complete,group,round_2,2026-06-24T05:00:00+01:00,2026-06-26T05:00:00+01:00,2026-06-24T03:10:02+01:00,,"[1844, 1969, 2139, 2701]",,43,Metlife Stadium,"East Rutherford, New Jersey",6,2026-06-23T01:00:00+01:00,56,95,Norway,Senegal,NOR,SEN,3,2,I,2,1,16,56,Norway,NOR,13,10,65,30,25,20,52,13,13,9.93,1.31,29,49
2,complete,group,round_2,2026-06-24T05:00:00+01:00,2026-06-26T05:00:00+01:00,2026-06-24T03:10:02+01:00,,"[1844, 1969, 2139, 2701]",,44,Levi's Stadium,"Santa Clara, California",5,2026-06-23T04:00:00+01:00,50,1,Jordan,Algeria,JOR,ALG,1,2,J,2,-1,42,50,Jordan,JOR,3,3,24,9,9,13,13,11,3,1.87,1.6,6,29
2,complete,group,round_2,2026-06-24T05:00:00+01:00,2026-06-26T05:00:00+01:00,2026-06-24T03:10:02+01:00,,"[1844, 1969, 2139, 2701]",,45,Nrg Stadium,"Houston, Texas",9,2026-06-23T18:00:00+01:00,59,112,Portugal,Uzbekistan,POR,UZB,5,0,K,2,5,17,59,Portugal,POR,8,4,62,17,31,13,40,22,8,6.39,1.25,22,53
2,complete,group,round_2,2026-06-24T05:00:00+01:00,2026-06-26T05:00:00+01:00,2026-06-24T03:10:02+01:00,,"[1844, 1969, 2139, 2701]",,46,Gillette Stadium,"Foxborough, Massachusetts",7,2026-06-23T21:00:00+01:00,18,21,England,Ghana,ENG,GHA,0,0,L,2,0,3,18,England,ENG,20,14,118,52,40,17,88,30,27,15.03,1.33,40,50
2,complete,group,round_2,2026-06-24T05:00:00+01:00,2026-06-26T05:00:00+01:00,2026-06-24T03:10:02+01:00,,"[1844, 1969, 2139, 2701]",,47,Bmo Field,Toronto,3,2026-06-24T00:00:00+01:00,57,13,Panama,Croatia,PAN,CRO,0,1,L,2,-1,34,57,Panama,PAN,0,0,32,7,16,0,20,12,5,2.19,0,12,42
2,complete,group,round_2,2026-06-24T05:00:00+01:00,2026-06-26T05:00:00+01:00,2026-06-24T03:10:02+01:00,,"[1844, 1969, 2139, 2701]",,48,Estadio Akron,Guadalajara,2,2026-06-24T03:00:00+01:00,10,11,Colombia,Congo DR,COL,COD,1,0,K,2,1,27,10,Congo DR,COL,5,3,41,10,25,12,18,23,5,3.71,1.35,13,37
3,complete,group,round_3,2026-06-28T05:00:00+01:00,2026-06-30T05:00:00+01:00,2026-06-28T05:00:03+01:00,,"[1839, 1976, 2279, 2280]",,49,Bc Place,Vancouver,8,2026-06-24T20:00:00+01:00,99,9,Switzerland,Canada,SUI,CAN,2,1,B,3,1,8,99,Switzerland,SUI,10,6,74,30,28,14,50,24,7,9.59,1.04,28,49
3,complete,group,round_3,2026-06-28T05:00:00+01:00,2026-06-30T05:00:00+01:00,2026-06-28T05:00:03+01:00,,"[1839, 1976, 2279, 2280]",,50,Lumen Field,"Seattle, Washington",14,2026-06-24T20:00:00+01:00,6,60,Bosnia and Herzegovina,Qatar,BIH,QAT,3,1,B,3,2,29,6,Bosnia and Herzegovina,BIH,5,3,37,14,14,14,16,21,5,2.04,2.45,15,40
3,complete,group,round_3,2026-06-28T05:00:00+01:00,2026-06-30T05:00:00+01:00,2026-06-28T05:00:03+01:00,,"[1839, 1976, 2279, 2280]",,52,Mercedes-benz Stadium,"Atlanta, Georgia",13,2026-06-24T23:00:00+01:00,53,46,Morocco,Haiti,MAR,HAI,4,2,C,3,2,13,53,Morocco,MAR,10,9,69,26,23,14,39,30,10,6.57,1.52,30,53
3,complete,group,round_3,2026-06-28T05:00:00+01:00,2026-06-30T05:00:00+01:00,2026-06-28T05:00:03+01:00,,"[1839, 1976, 2279, 2280]",,51,Hard Rock Stadium,"Miami Gardens, Florida",15,2026-06-24T23:00:00+01:00,90,7,Scotland,Brazil,SCO,BRA,0,3,C,3,-3,40,90,Scotland,SCO,1,0,29,7,12,3,23,6,6,2.34,0.43,12,41
3,complete,group,round_3,2026-06-28T05:00:00+01:00,2026-06-30T05:00:00+01:00,2026-06-28T05:00:03+01:00,,"[1839, 1976, 2279, 2280]",,53,Estadio Banorte,Mexico City,1,2026-06-25T02:00:00+01:00,15,52,Czechia,Mexico,CZE,MEX,0,3,A,3,-3,33,15,Czechia,CZE,2,2,34,8,15,6,22,12,10,2.44,0.82,15,37
3,complete,group,round_3,2026-06-28T05:00:00+01:00,2026-06-30T05:00:00+01:00,2026-06-28T05:00:03+01:00,,"[1839, 1976, 2279, 2280]",,54,Estadio Bbva,Guadalupe,12,2026-06-25T02:00:00+01:00,96,51,South Africa,Korea Republic,RSA,KOR,1,0,A,3,1,28,96,South Africa,RSA,2,1,39,11,18,5,13,26,5,2.48,0.8,11,46
3,complete,group,round_3,2026-06-28T05:00:00+01:00,2026-06-30T05:00:00+01:00,2026-06-28T05:00:03+01:00,,"[1839, 1976, 2279, 2280]",,55,Metlife Stadium,"East Rutherford, New Jersey",6,2026-06-25T21:00:00+01:00,16,20,Ecuador,Germany,ECU,GER,2,1,E,3,1,19,16,Ecuador,ECU,2,2,53,20,26,4,35,18,12,5.88,0.34,25,52
3,complete,group,round_3,2026-06-28T05:00:00+01:00,2026-06-30T05:00:00+01:00,2026-06-28T05:00:03+01:00,,"[1839, 1976, 2279, 2280]",,56,Lincoln Financial Field,"Philadelphia, Pennsylvania",11,2026-06-25T21:00:00+01:00,14,12,Curaçao,Côte d'Ivoire,CUW,CIV,0,2,E,3,-2,40,14,Curacao,CUW,1,0,29,7,18,3,14,15,4,1.7,0.59,5,32
3,complete,group,round_3,2026-06-28T05:00:00+01:00,2026-06-30T05:00:00+01:00,2026-06-28T05:00:03+01:00,,"[1839, 1976, 2279, 2280]",,58,At&t Stadium,"Arlington, Texas",10,2026-06-26T00:00:00+01:00,49,98,Japan,Sweden,JPN,SWE,1,1,F,3,0,34,49,Japan,JPN,8,7,32,11,15,25,16,16,5,3.17,2.52,13,42
3,complete,group,round_3,2026-06-28T05:00:00+01:00,2026-06-30T05:00:00+01:00,2026-06-28T05:00:03+01:00,,"[1839, 1976, 2279, 2280]",,57,Geha Field At Arrowhead Stadium,"Kansas City, Missouri",16,2026-06-26T00:00:00+01:00,108,54,Tunisia,Netherlands,TUN,NED,1,3,F,3,-2,11,108,Turkiye,TUN,3,2,70,14,35,4,37,33,7,5.5,0.55,22,58
3,complete,group,round_3,2026-06-28T05:00:00+01:00,2026-06-30T05:00:00+01:00,2026-06-28T05:00:03+01:00,,"[1839, 1976, 2279, 2280]",,59,Sofi Stadium,"Inglewood, California",4,2026-06-26T03:00:00+01:00,109,111,Türkiye,USA,TUR,USA,3,2,D,3,1,45,109,Tunisia,TUR,2,2,18,6,8,11,6,12,4,1.12,1.78,9,36
3,complete,group,round_3,2026-06-28T05:00:00+01:00,2026-06-30T05:00:00+01:00,2026-06-28T05:00:03+01:00,,"[1839, 1976, 2279, 2280]",,60,Levi's Stadium,"Santa Clara, California",5,2026-06-26T03:00:00+01:00,58,3,Paraguay,Australia,PAR,AUS,0,0,D,3,0,32,58,Paraguay,PAR,3,3,35,8,18,9,17,18,4,1.99,1.51,10,27
3,complete,group,round_3,2026-06-28T05:00:00+01:00,2026-06-30T05:00:00+01:00,2026-06-28T05:00:03+01:00,,"[1839, 1976, 2279, 2280]",,62,Bmo Field,Toronto,3,2026-06-26T20:00:00+01:00,95,48,Senegal,Iraq,SEN,IRQ,5,0,I,3,5,14,95,Senegal,SEN,10,9,68,22,32,15,38,30,7,7.22,1.38,22,49
3,complete,group,round_3,2026-06-28T05:00:00+01:00,2026-06-30T05:00:00+01:00,2026-06-28T05:00:03+01:00,,"[1839, 1976, 2279, 2280]",,61,Gillette Stadium,"Foxborough, Massachusetts",7,2026-06-26T20:00:00+01:00,56,19,Norway,France,NOR,FRA,1,4,I,3,-3,16,56,Norway,NOR,13,10,65,30,25,20,52,13,13,9.93,1.31,29,49
3,complete,group,round_3,2026-06-28T05:00:00+01:00,2026-06-30T05:00:00+01:00,2026-06-28T05:00:03+01:00,,"[1839, 1976, 2279, 2280]",,63,Estadio Akron,Guadalajara,2,2026-06-27T01:00:00+01:00,110,97,Uruguay,Spain,URU,ESP,0,1,H,3,-1,20,110,Uruguay,URU,3,1,49,13,25,6,27,22,15,3.95,0.76,26,51
3,complete,group,round_3,2026-06-28T05:00:00+01:00,2026-06-30T05:00:00+01:00,2026-06-28T05:00:03+01:00,,"[1839, 1976, 2279, 2280]",,64,Nrg Stadium,"Houston, Texas",9,2026-06-27T01:00:00+01:00,8,89,Cabo Verde,Saudi Arabia,CPV,KSA,0,0,H,3,0,7,8,Canada,CPV,9,3,81,32,29,11,57,24,16,9.02,1,50,46
3,complete,group,round_3,2026-06-28T05:00:00+01:00,2026-06-30T05:00:00+01:00,2026-06-28T05:00:03+01:00,,"[1839, 1976, 2279, 2280]",,65,Bc Place,Vancouver,8,2026-06-27T04:00:00+01:00,55,5,New Zealand,Belgium,NZL,BEL,1,5,G,3,-4,37,55,New Zealand,NZL,4,3,31,15,8,13,19,12,6,2.48,1.62,10,42
3,complete,group,round_3,2026-06-28T05:00:00+01:00,2026-06-30T05:00:00+01:00,2026-06-28T05:00:03+01:00,,"[1839, 1976, 2279, 2280]",,66,Lumen Field,"Seattle, Washington",14,2026-06-27T04:00:00+01:00,17,47,Egypt,IR Iran,EGY,IRN,1,1,G,3,0,15,17,Egypt,EGY,8,8,67,19,30,12,42,25,10,5.75,1.39,26,46
3,complete,group,round_3,2026-06-28T05:00:00+01:00,2026-06-30T05:00:00+01:00,2026-06-28T05:00:03+01:00,,"[1839, 1976, 2279, 2280]",,67,Metlife Stadium,"East Rutherford, New Jersey",6,2026-06-27T22:00:00+01:00,57,18,Panama,England,PAN,ENG,0,2,L,3,-2,34,57,Panama,PAN,0,0,32,7,16,0,20,12,5,2.19,0,12,42
3,complete,group,round_3,2026-06-28T05:00:00+01:00,2026-06-30T05:00:00+01:00,2026-06-28T05:00:03+01:00,,"[1839, 1976, 2279, 2280]",,68,Lincoln Financial Field,"Philadelphia, Pennsylvania",11,2026-06-27T22:00:00+01:00,13,21,Croatia,Ghana,CRO,GHA,2,1,L,3,1,29,13,Croatia,CRO,6,5,37,17,14,16,21,16,8,3.41,1.76,12,46
3,complete,group,round_3,2026-06-28T05:00:00+01:00,2026-06-30T05:00:00+01:00,2026-06-28T05:00:03+01:00,,"[1839, 1976, 2279, 2280]",,70,Mercedes-benz Stadium,"Atlanta, Georgia",13,2026-06-28T00:30:00+01:00,11,112,Congo DR,Uzbekistan,COD,UZB,3,1,K,3,2,24,11,Cote d'Ivoire,COD,5,4,45,14,17,11,30,15,3,5.5,0.91,26,45
3,complete,group,round_3,2026-06-28T05:00:00+01:00,2026-06-30T05:00:00+01:00,2026-06-28T05:00:03+01:00,,"[1839, 1976, 2279, 2280]",,69,Hard Rock Stadium,"Miami Gardens, Florida",15,2026-06-28T00:30:00+01:00,10,59,Colombia,Portugal,COL,POR,0,0,K,3,0,27,10,Congo DR,COL,5,3,41,10,25,12,18,23,5,3.71,1.35,13,37
3,complete,group,round_3,2026-06-28T05:00:00+01:00,2026-06-30T05:00:00+01:00,2026-06-28T05:00:03+01:00,,"[1839, 1976, 2279, 2280]",,71,At&t Stadium,"Arlington, Texas",10,2026-06-28T03:00:00+01:00,50,2,Jordan,Argentina,JOR,ARG,1,3,J,3,-2,42,50,Jordan,JOR,3,3,24,9,9,13,13,11,3,1.87,1.6,6,29
3,complete,group,round_3,2026-06-28T05:00:00+01:00,2026-06-30T05:00:00+01:00,2026-06-28T05:00:03+01:00,,"[1839, 1976, 2279, 2280]",,72,Geha Field At Arrowhead Stadium,"Kansas City, Missouri",16,2026-06-28T03:00:00+01:00,1,4,Algeria,Austria,ALG,AUT,3,3,J,3,0,25,1,Algeria,ALG,5,3,44,16,16,11,26,18,5,4.73,1.06,14,56
4,complete,r32,round_of_32,2026-07-04T04:30:00+01:00,2026-07-06T04:30:00+01:00,2026-07-04T04:40:02+01:00,,"[1828, 1844, 1987, 2111]",,73,Sofi Stadium,"Inglewood, California",4,2026-06-28T20:00:00+01:00,96,9,South Africa,Canada,RSA,CAN,0,1,,4,-1,28,96,South Africa,RSA,2,1,39,11,18,5,13,26,5,2.48,0.8,11,46
4,complete,r32,round_of_32,2026-07-04T04:30:00+01:00,2026-07-06T04:30:00+01:00,2026-07-04T04:40:02+01:00,,"[1828, 1844, 1987, 2111]",,74,Nrg Stadium,"Houston, Texas",9,2026-06-29T18:00:00+01:00,7,49,Brazil,Japan,BRA,JPN,2,1,,4,1,10,7,Brazil,BRA,10,8,73,29,24,14,50,23,11,10.88,0.92,27,48
4,complete,r32,round_of_32,2026-07-04T04:30:00+01:00,2026-07-06T04:30:00+01:00,2026-07-04T04:40:02+01:00,,"[1828, 1844, 1987, 2111]",,78,Gillette Stadium,"Foxborough, Massachusetts",7,2026-06-29T21:30:00+01:00,20,58,Germany,Paraguay,GER,PAR,1,1,,4,0,8,20,Germany,GER,11,10,74,28,26,15,48,26,12,8.64,1.27,34,56
4,complete,r32,round_of_32,2026-07-04T04:30:00+01:00,2026-07-06T04:30:00+01:00,2026-07-04T04:40:02+01:00,,"[1828, 1844, 1987, 2111]",,75,Estadio Bbva,Guadalupe,12,2026-06-30T02:00:00+01:00,54,53,Netherlands,Morocco,NED,MAR,1,1,,4,0,23,54,Netherlands,NED,11,10,46,22,15,24,35,11,14,5,2.2,18,50
4,complete,r32,round_of_32,2026-07-04T04:30:00+01:00,2026-07-06T04:30:00+01:00,2026-07-04T04:40:02+01:00,,"[1828, 1844, 1987, 2111]",,77,At&t Stadium,"Arlington, Texas",10,2026-06-30T18:00:00+01:00,12,56,Côte d'Ivoire,Norway,CIV,NOR,1,2,,4,-1,20,12,Cabo Verde,CIV,4,2,49,12,21,8,20,29,6,2.56,1.56,17,35
4,complete,r32,round_of_32,2026-07-04T04:30:00+01:00,2026-07-06T04:30:00+01:00,2026-07-04T04:40:02+01:00,,"[1828, 1844, 1987, 2111]",,80,Metlife Stadium,"East Rutherford, New Jersey",6,2026-06-30T22:00:00+01:00,19,98,France,Sweden,FRA,SWE,3,0,,4,3,2,19,France,FRA,20,18,139,59,59,14,77,62,10,16.78,1.19,51,51
4,complete,r32,round_of_32,2026-07-04T04:30:00+01:00,2026-07-06T04:30:00+01:00,2026-07-04T04:40:02+01:00,,"[1828, 1844, 1987, 2111]",,82,Estadio Banorte,Mexico City,1,2026-07-01T03:00:00+01:00,52,16,Mexico,Ecuador,MEX,ECU,2,0,,4,2,11,52,Mexico,MEX,10,7,70,21,32,14,44,26,13,8.1,1.23,19,48
4,complete,r32,round_of_32,2026-07-04T04:30:00+01:00,2026-07-06T04:30:00+01:00,2026-07-04T04:40:02+01:00,,"[1828, 1844, 1987, 2111]",,83,Mercedes-benz Stadium,"Atlanta, Georgia",13,2026-07-01T17:00:00+01:00,18,11,England,Congo DR,ENG,COD,2,1,,4,1,3,18,England,ENG,20,14,118,52,40,17,88,30,27,15.03,1.33,40,50
4,complete,r32,round_of_32,2026-07-04T04:30:00+01:00,2026-07-06T04:30:00+01:00,2026-07-04T04:40:02+01:00,,"[1828, 1844, 1987, 2111]",,84,Lumen Field,"Seattle, Washington",14,2026-07-01T21:00:00+01:00,5,95,Belgium,Senegal,BEL,SEN,3,2,,4,1,5,5,Belgium,BEL,14,10,112,35,43,13,74,38,16,10.62,1.32,24,46
4,complete,r32,round_of_32,2026-07-04T04:30:00+01:00,2026-07-06T04:30:00+01:00,2026-07-04T04:40:02+01:00,,"[1828, 1844, 1987, 2111]",,76,Levi's Stadium,"Santa Clara, California",5,2026-07-02T01:00:00+01:00,111,6,USA,Bosnia and Herzegovina,USA,BIH,2,0,,4,2,18,111,USA,USA,11,4,59,19,24,19,47,12,12,6.37,1.73,26,52
4,complete,r32,round_of_32,2026-07-04T04:30:00+01:00,2026-07-06T04:30:00+01:00,2026-07-04T04:40:02+01:00,,"[1828, 1844, 1987, 2111]",,87,Sofi Stadium,"Inglewood, California",4,2026-07-02T20:00:00+01:00,97,4,Spain,Austria,ESP,AUT,3,0,,4,3,1,97,Spain,ESP,14,10,140,54,59,10,79,61,22,17.48,0.8,54,58
4,complete,r32,round_of_32,2026-07-04T04:30:00+01:00,2026-07-06T04:30:00+01:00,2026-07-04T04:40:02+01:00,,"[1828, 1844, 1987, 2111]",,85,Bmo Field,Toronto,3,2026-07-03T00:00:00+01:00,59,13,Portugal,Croatia,POR,CRO,2,1,,4,1,17,59,Portugal,POR,8,4,62,17,31,13,40,22,8,6.39,1.25,22,53
4,complete,r32,round_of_32,2026-07-04T04:30:00+01:00,2026-07-06T04:30:00+01:00,2026-07-04T04:40:02+01:00,,"[1828, 1844, 1987, 2111]",,88,Bc Place,Vancouver,8,2026-07-03T04:00:00+01:00,99,1,Switzerland,Algeria,SUI,ALG,2,0,,4,2,8,99,Switzerland,SUI,10,6,74,30,28,14,50,24,7,9.59,1.04,28,49
4,complete,r32,round_of_32,2026-07-04T04:30:00+01:00,2026-07-06T04:30:00+01:00,2026-07-04T04:40:02+01:00,,"[1828, 1844, 1987, 2111]",,81,At&t Stadium,"Arlington, Texas",10,2026-07-03T19:00:00+01:00,3,17,Australia,Egypt,AUS,EGY,1,1,,4,0,26,3,Australia,AUS,3,1,42,13,19,7,26,16,6,2.73,1.1,16,35
4,complete,r32,round_of_32,2026-07-04T04:30:00+01:00,2026-07-06T04:30:00+01:00,2026-07-04T04:40:02+01:00,,"[1828, 1844, 1987, 2111]",,79,Hard Rock Stadium,"Miami Gardens, Florida",15,2026-07-03T23:00:00+01:00,2,8,Argentina,Cabo Verde,ARG,CPV,3,2,,4,1,4,2,Argentina,ARG,19,12,115,46,49,17,66,49,22,15.45,1.23,41,53
4,complete,r32,round_of_32,2026-07-04T04:30:00+01:00,2026-07-06T04:30:00+01:00,2026-07-04T04:40:02+01:00,,"[1828, 1844, 1987, 2111]",,86,Geha Field At Arrowhead Stadium,"Kansas City, Missouri",16,2026-07-04T02:30:00+01:00,10,21,Colombia,Ghana,COL,GHA,1,0,,4,1,27,10,Congo DR,COL,5,3,41,10,25,12,18,23,5,3.71,1.35,13,37
5,complete,r16,round_of_16,2026-07-07T23:00:00+01:00,2026-07-09T23:00:00+01:00,2026-07-08T00:00:02+01:00,,"[1828, 1839, 2241, 2612]",,89,Nrg Stadium,"Houston, Texas",9,2026-07-04T18:00:00+01:00,9,53,Canada,Morocco,CAN,MAR,0,3,,5,-3,6,9,Colombia,CAN,5,5,94,31,40,5,55,39,13,7.32,0.68,24,53
5,complete,r16,round_of_16,2026-07-07T23:00:00+01:00,2026-07-09T23:00:00+01:00,2026-07-08T00:00:02+01:00,,"[1828, 1839, 2241, 2612]",,91,Lincoln Financial Field,"Philadelphia, Pennsylvania",11,2026-07-04T22:00:00+01:00,58,19,Paraguay,France,PAR,FRA,0,1,,5,-1,32,58,Paraguay,PAR,3,3,35,8,18,9,17,18,4,1.99,1.51,10,27
5,complete,r16,round_of_16,2026-07-07T23:00:00+01:00,2026-07-09T23:00:00+01:00,2026-07-08T00:00:02+01:00,,"[1828, 1839, 2241, 2612]",,90,Metlife Stadium,"East Rutherford, New Jersey",6,2026-07-05T21:00:00+01:00,7,56,Brazil,Norway,BRA,NOR,1,2,,5,-1,10,7,Brazil,BRA,10,8,73,29,24,14,50,23,11,10.88,0.92,27,48
5,complete,r16,round_of_16,2026-07-07T23:00:00+01:00,2026-07-09T23:00:00+01:00,2026-07-08T00:00:02+01:00,,"[1828, 1839, 2241, 2612]",,92,Estadio Banorte,Mexico City,1,2026-07-06T02:00:00+01:00,52,18,Mexico,England,MEX,ENG,2,3,,5,-1,11,52,Mexico,MEX,10,7,70,21,32,14,44,26,13,8.1,1.23,19,48
5,complete,r16,round_of_16,2026-07-07T23:00:00+01:00,2026-07-09T23:00:00+01:00,2026-07-08T00:00:02+01:00,,"[1828, 1839, 2241, 2612]",,94,At&t Stadium,"Arlington, Texas",10,2026-07-06T20:00:00+01:00,59,97,Portugal,Spain,POR,ESP,0,1,,5,-1,17,59,Portugal,POR,8,4,62,17,31,13,40,22,8,6.39,1.25,22,53
5,complete,r16,round_of_16,2026-07-07T23:00:00+01:00,2026-07-09T23:00:00+01:00,2026-07-08T00:00:02+01:00,,"[1828, 1839, 2241, 2612]",,93,Lumen Field,"Seattle, Washington",14,2026-07-07T01:00:00+01:00,111,5,USA,Belgium,USA,BEL,1,4,,5,-3,18,111,USA,USA,11,4,59,19,24,19,47,12,12,6.37,1.73,26,52
5,complete,r16,round_of_16,2026-07-07T23:00:00+01:00,2026-07-09T23:00:00+01:00,2026-07-08T00:00:02+01:00,,"[1828, 1839, 2241, 2612]",,95,Mercedes-benz Stadium,"Atlanta, Georgia",13,2026-07-07T17:00:00+01:00,2,17,Argentina,Egypt,ARG,EGY,3,2,,5,1,4,2,Argentina,ARG,19,12,115,46,49,17,66,49,22,15.45,1.23,41,53
5,complete,r16,round_of_16,2026-07-07T23:00:00+01:00,2026-07-09T23:00:00+01:00,2026-07-08T00:00:02+01:00,,"[1828, 1839, 2241, 2612]",,96,Bc Place,Vancouver,8,2026-07-07T21:00:00+01:00,99,10,Switzerland,Colombia,SUI,COL,0,0,,5,0,8,99,Switzerland,SUI,10,6,74,30,28,14,50,24,7,9.59,1.04,28,49
6,complete,qf,quarter_final,2026-07-12T04:00:00+01:00,2026-07-14T04:00:00+01:00,2026-07-12T04:50:02+01:00,,"[1828, 2241, 2248, 2280]",,97,Gillette Stadium,"Foxborough, Massachusetts",7,2026-07-09T21:00:00+01:00,19,53,France,Morocco,FRA,MAR,2,0,,6,2,2,19,France,FRA,20,18,139,59,59,14,77,62,10,16.78,1.19,51,51
6,complete,qf,quarter_final,2026-07-12T04:00:00+01:00,2026-07-14T04:00:00+01:00,2026-07-12T04:50:02+01:00,,"[1828, 2241, 2248, 2280]",,99,Sofi Stadium,"Inglewood, California",4,2026-07-10T20:00:00+01:00,97,5,Spain,Belgium,ESP,BEL,2,1,,6,1,1,97,Spain,ESP,14,10,140,54,59,10,79,61,22,17.48,0.8,54,58
6,complete,qf,quarter_final,2026-07-12T04:00:00+01:00,2026-07-14T04:00:00+01:00,2026-07-12T04:50:02+01:00,,"[1828, 2241, 2248, 2280]",,98,Hard Rock Stadium,"Miami Gardens, Florida",15,2026-07-11T22:00:00+01:00,56,18,Norway,England,NOR,ENG,1,2,,6,-1,16,56,Norway,NOR,13,10,65,30,25,20,52,13,13,9.93,1.31,29,49
6,complete,qf,quarter_final,2026-07-12T04:00:00+01:00,2026-07-14T04:00:00+01:00,2026-07-12T04:50:02+01:00,,"[1828, 2241, 2248, 2280]",,100,Geha Field At Arrowhead Stadium,"Kansas City, Missouri",16,2026-07-12T02:00:00+01:00,2,99,Argentina,Switzerland,ARG,SUI,3,1,,6,2,4,2,Argentina,ARG,19,12,115,46,49,17,66,49,22,15.45,1.23,41,53
7,complete,sf,semi_final,2026-07-15T22:00:00+01:00,2026-07-17T22:00:00+01:00,2026-07-15T22:10:02+01:00,,"[1829, 1844, 2844, 2852]",,101,At&t Stadium,"Arlington, Texas",10,2026-07-14T20:00:00+01:00,19,97,France,Spain,FRA,ESP,0,2,,7,-2,2,19,France,FRA,20,18,139,59,59,14,77,62,10,16.78,1.19,51,51
7,complete,sf,semi_final,2026-07-15T22:00:00+01:00,2026-07-17T22:00:00+01:00,2026-07-15T22:10:02+01:00,,"[1829, 1844, 2844, 2852]",,102,Mercedes-benz Stadium,"Atlanta, Georgia",13,2026-07-15T20:00:00+01:00,18,2,England,Argentina,ENG,ARG,1,2,,7,-1,3,18,England,ENG,20,14,118,52,40,17,88,30,27,15.03,1.33,40,50
8,complete,f,final,2026-07-19T23:30:00+01:00,2026-07-21T23:30:00+01:00,2026-07-19T23:14:53+01:00,4/03/2003,"[1828, 1844, 1987, 2241, 2267, 2280, 2285, 2612, 2841, 2852, 2855]","[{'DEF': 4, 'MID': 4, 'FWD': 2}, {'DEF': 4, 'MID': 3, 'FWD': 3}, {'DEF': 3, 'MID': 4, 'FWD': 3}]",103,Hard Rock Stadium,"Miami Gardens, Florida",15,2026-07-18T22:00:00+01:00,19,18,France,England,FRA,ENG,4,6,,8,-2,2,19,France,FRA,20,18,139,59,59,14,77,62,10,16.78,1.19,51,51
8,complete,f,final,2026-07-19T23:30:00+01:00,2026-07-21T23:30:00+01:00,2026-07-19T23:14:53+01:00,4/03/2003,"[1828, 1844, 1987, 2241, 2267, 2280, 2285, 2612, 2841, 2852, 2855]","[{'DEF': 4, 'MID': 4, 'FWD': 2}, {'DEF': 4, 'MID': 3, 'FWD': 3}, {'DEF': 3, 'MID': 4, 'FWD': 3}]",104,Metlife Stadium,"East Rutherford, New Jersey",6,2026-07-19T20:00:00+01:00,97,2,Spain,Argentina,ESP,ARG,1,0,,9,1,1,97,Spain,ESP,14,10,140,54,59,10,79,61,22,17.48,0.8,54,58
