id,voteStatus,stage,roundName,votingStartDate,votingEndDate,votingOpenedAt,selectedFormation,winners,formations,id,venueName,venueCity,venueId,date,homeSquadId,awaySquadId,homeSquadName,awaySquadName,homeSquadAbbr,awaySquadAbbr,homeScore,awayScore,groupName,matchDay
1,complete,group,round_1,2026-06-18T05:00:00+01:00,2026-06-20T05:00:00+01:00,2026-06-18T09:10:01+01:00,,"[1844, 1987, 2267, 2571]",,1,Estadio Banorte,Mexico City,1,2026-06-11T20:00:00+01:00,52,96,Mexico,South Africa,MEX,RSA,2,0,A,1
1,complete,group,round_1,2026-06-18T05:00:00+01:00,2026-06-20T05:00:00+01:00,2026-06-18T09:10:01+01:00,,"[1844, 1987, 2267, 2571]",,2,Estadio Akron,Guadalajara,2,2026-06-12T03:00:00+01:00,51,15,Korea Republic,Czechia,KOR,CZE,2,1,A,1
1,complete,group,round_1,2026-06-18T05:00:00+01:00,2026-06-20T05:00:00+01:00,2026-06-18T09:10:01+01:00,,"[1844, 1987, 2267, 2571]",,3,Bmo Field,Toronto,3,2026-06-12T20:00:00+01:00,9,6,Canada,Bosnia and Herzegovina,CAN,BIH,1,1,B,1
1,complete,group,round_1,2026-06-18T05:00:00+01:00,2026-06-20T05:00:00+01:00,2026-06-18T09:10:01+01:00,,"[1844, 1987, 2267, 2571]",,4,Sofi Stadium,"Inglewood, California",4,2026-06-13T02:00:00+01:00,111,58,USA,Paraguay,USA,PAR,4,1,D,1
1,complete,group,round_1,2026-06-18T05:00:00+01:00,2026-06-20T05:00:00+01:00,2026-06-18T09:10:01+01:00,,"[1844, 1987, 2267, 2571]",,5,Levi's Stadium,"Santa Clara, California",5,2026-06-13T20:00:00+01:00,60,99,Qatar,Switzerland,QAT,SUI,1,1,B,1
1,complete,group,round_1,2026-06-18T05:00:00+01:00,2026-06-20T05:00:00+01:00,2026-06-18T09:10:01+01:00,,"[1844, 1987, 2267, 2571]",,6,Metlife Stadium,"East Rutherford, New Jersey",6,2026-06-13T23:00:00+01:00,7,53,Brazil,Morocco,BRA,MAR,1,1,C,1
1,complete,group,round_1,2026-06-18T05:00:00+01:00,2026-06-20T05:00:00+01:00,2026-06-18T09:10:01+01:00,,"[1844, 1987, 2267, 2571]",,7,Gillette Stadium,"Foxborough, Massachusetts",7,2026-06-14T02:00:00+01:00,46,90,Haiti,Scotland,HAI,SCO,0,1,C,1
1,complete,group,round_1,2026-06-18T05:00:00+01:00,2026-06-20T05:00:00+01:00,2026-06-18T09:10:01+01:00,,"[1844, 1987, 2267, 2571]",,8,Bc Place,Vancouver,8,2026-06-14T05:00:00+01:00,3,109,Australia,Türkiye,AUS,TUR,2,0,D,1
1,complete,group,round_1,2026-06-18T05:00:00+01:00,2026-06-20T05:00:00+01:00,2026-06-18T09:10:01+01:00,,"[1844, 1987, 2267, 2571]",,9,Nrg Stadium,"Houston, Texas",9,2026-06-14T18:00:00+01:00,20,14,Germany,Curaçao,GER,CUW,7,1,E,1
1,complete,group,round_1,2026-06-18T05:00:00+01:00,2026-06-20T05:00:00+01:00,2026-06-18T09:10:01+01:00,,"[1844, 1987, 2267, 2571]",,10,At&t Stadium,"Arlington, Texas",10,2026-06-14T21:00:00+01:00,54,49,Netherlands,Japan,NED,JPN,2,2,F,1
1,complete,group,round_1,2026-06-18T05:00:00+01:00,2026-06-20T05:00:00+01:00,2026-06-18T09:10:01+01:00,,"[1844, 1987, 2267, 2571]",,11,Lincoln Financial Field,"Philadelphia, Pennsylvania",11,2026-06-15T00:00:00+01:00,12,16,Côte d'Ivoire,Ecuador,CIV,ECU,1,0,E,1
1,complete,group,round_1,2026-06-18T05:00:00+01:00,2026-06-20T05:00:00+01:00,2026-06-18T09:10:01+01:00,,"[1844, 1987, 2267, 2571]",,12,Estadio Bbva,Guadalupe,12,2026-06-15T03:00:00+01:00,98,108,Sweden,Tunisia,SWE,TUN,5,1,F,1
1,complete,group,round_1,2026-06-18T05:00:00+01:00,2026-06-20T05:00:00+01:00,2026-06-18T09:10:01+01:00,,"[1844, 1987, 2267, 2571]",,13,Mercedes-benz Stadium,"Atlanta, Georgia",13,2026-06-15T17:00:00+01:00,97,8,Spain,Cabo Verde,ESP,CPV,0,0,H,1
1,complete,group,round_1,2026-06-18T05:00:00+01:00,2026-06-20T05:00:00+01:00,2026-06-18T09:10:01+01:00,,"[1844, 1987, 2267, 2571]",,14,Lumen Field,"Seattle, Washington",14,2026-06-15T20:00:00+01:00,5,17,Belgium,Egypt,BEL,EGY,1,1,G,1
1,complete,group,round_1,2026-06-18T05:00:00+01:00,2026-06-20T05:00:00+01:00,2026-06-18T09:10:01+01:00,,"[1844, 1987, 2267, 2571]",,15,Hard Rock Stadium,"Miami Gardens, Florida",15,2026-06-15T23:00:00+01:00,89,110,Saudi Arabia,Uruguay,KSA,URU,1,1,H,1
1,complete,group,round_1,2026-06-18T05:00:00+01:00,2026-06-20T05:00:00+01:00,2026-06-18T09:10:01+01:00,,"[1844, 1987, 2267, 2571]",,16,Sofi Stadium,"Inglewood, California",4,2026-06-16T02:00:00+01:00,47,55,IR Iran,New Zealand,IRN,NZL,2,2,G,1
1,complete,group,round_1,2026-06-18T05:00:00+01:00,2026-06-20T05:00:00+01:00,2026-06-18T09:10:01+01:00,,"[1844, 1987, 2267, 2571]",,17,Metlife Stadium,"East Rutherford, New Jersey",6,2026-06-16T20:00:00+01:00,19,95,France,Senegal,FRA,SEN,3,1,I,1
1,complete,group,round_1,2026-06-18T05:00:00+01:00,2026-06-20T05:00:00+01:00,2026-06-18T09:10:01+01:00,,"[1844, 1987, 2267, 2571]",,18,Gillette Stadium,"Foxborough, Massachusetts",7,2026-06-16T23:00:00+01:00,48,56,Iraq,Norway,IRQ,NOR,1,4,I,1
1,complete,group,round_1,2026-06-18T05:00:00+01:00,2026-06-20T05:00:00+01:00,2026-06-18T09:10:01+01:00,,"[1844, 1987, 2267, 2571]",,19,Geha Field At Arrowhead Stadium,"Kansas City, Missouri",16,2026-06-17T02:00:00+01:00,2,1,Argentina,Algeria,ARG,ALG,3,0,J,1
1,complete,group,round_1,2026-06-18T05:00:00+01:00,2026-06-20T05:00:00+01:00,2026-06-18T09:10:01+01:00,,"[1844, 1987, 2267, 2571]",,20,Levi's Stadium,"Santa Clara, California",5,2026-06-17T05:00:00+01:00,4,50,Austria,Jordan,AUT,JOR,3,1,J,1
1,complete,group,round_1,2026-06-18T05:00:00+01:00,2026-06-20T05:00:00+01:00,2026-06-18T09:10:01+01:00,,"[1844, 1987, 2267, 2571]",,21,Nrg Stadium,"Houston, Texas",9,2026-06-17T18:00:00+01:00,59,11,Portugal,Congo DR,POR,COD,1,1,K,1
1,complete,group,round_1,2026-06-18T05:00:00+01:00,2026-06-20T05:00:00+01:00,2026-06-18T09:10:01+01:00,,"[1844, 1987, 2267, 2571]",,22,At&t Stadium,"Arlington, Texas",10,2026-06-17T21:00:00+01:00,18,13,England,Croatia,ENG,CRO,4,2,L,1
1,complete,group,round_1,2026-06-18T05:00:00+01:00,2026-06-20T05:00:00+01:00,2026-06-18T09:10:01+01:00,,"[1844, 1987, 2267, 2571]",,23,Bmo Field,Toronto,3,2026-06-18T00:00:00+01:00,21,57,Ghana,Panama,GHA,PAN,1,0,L,1
1,complete,group,round_1,2026-06-18T05:00:00+01:00,2026-06-20T05:00:00+01:00,2026-06-18T09:10:01+01:00,,"[1844, 1987, 2267, 2571]",,24,Estadio Banorte,Mexico City,1,2026-06-18T03:00:00+01:00,112,10,Uzbekistan,Colombia,UZB,COL,1,3,K,1
2,complete,group,round_2,2026-06-24T05:00:00+01:00,2026-06-26T05:00:00+01:00,2026-06-24T03:10:02+01:00,,"[1844, 1969, 2139, 2701]",,25,Mercedes-benz Stadium,"Atlanta, Georgia",13,2026-06-18T17:00:00+01:00,15,96,Czechia,South Africa,CZE,RSA,1,1,A,2
2,complete,group,round_2,2026-06-24T05:00:00+01:00,2026-06-26T05:00:00+01:00,2026-06-24T03:10:02+01:00,,"[1844, 1969, 2139, 2701]",,26,Sofi Stadium,"Inglewood, California",4,2026-06-18T20:00:00+01:00,99,6,Switzerland,Bosnia and Herzegovina,SUI,BIH,4,1,B,2
2,complete,group,round_2,2026-06-24T05:00:00+01:00,2026-06-26T05:00:00+01:00,2026-06-24T03:10:02+01:00,,"[1844, 1969, 2139, 2701]",,27,Bc Place,Vancouver,8,2026-06-18T23:00:00+01:00,9,60,Canada,Qatar,CAN,QAT,6,0,B,2
2,complete,group,round_2,2026-06-24T05:00:00+01:00,2026-06-26T05:00:00+01:00,2026-06-24T03:10:02+01:00,,"[1844, 1969, 2139, 2701]",,28,Estadio Akron,Guadalajara,2,2026-06-19T02:00:00+01:00,52,51,Mexico,Korea Republic,MEX,KOR,1,0,A,2
2,complete,group,round_2,2026-06-24T05:00:00+01:00,2026-06-26T05:00:00+01:00,2026-06-24T03:10:02+01:00,,"[1844, 1969, 2139, 2701]",,29,Lumen Field,"Seattle, Washington",14,2026-06-19T20:00:00+01:00,111,3,USA,Australia,USA,AUS,2,0,D,2
2,complete,group,round_2,2026-06-24T05:00:00+01:00,2026-06-26T05:00:00+01:00,2026-06-24T03:10:02+01:00,,"[1844, 1969, 2139, 2701]",,30,Gillette Stadium,"Foxborough, Massachusetts",7,2026-06-19T23:00:00+01:00,90,53,Scotland,Morocco,SCO,MAR,0,1,C,2
2,complete,group,round_2,2026-06-24T05:00:00+01:00,2026-06-26T05:00:00+01:00,2026-06-24T03:10:02+01:00,,"[1844, 1969, 2139, 2701]",,31,Lincoln Financial Field,"Philadelphia, Pennsylvania",11,2026-06-20T01:30:00+01:00,7,46,Brazil,Haiti,BRA,HAI,3,0,C,2
2,complete,group,round_2,2026-06-24T05:00:00+01:00,2026-06-26T05:00:00+01:00,2026-06-24T03:10:02+01:00,,"[1844, 1969, 2139, 2701]",,32,Levi's Stadium,"Santa Clara, California",5,2026-06-20T04:00:00+01:00,109,58,Türkiye,Paraguay,TUR,PAR,0,1,D,2
2,complete,group,round_2,2026-06-24T05:00:00+01:00,2026-06-26T05:00:00+01:00,2026-06-24T03:10:02+01:00,,"[1844, 1969, 2139, 2701]",,33,Nrg Stadium,"Houston, Texas",9,2026-06-20T18:00:00+01:00,54,98,Netherlands,Sweden,NED,SWE,5,1,F,2
2,complete,group,round_2,2026-06-24T05:00:00+01:00,2026-06-26T05:00:00+01:00,2026-06-24T03:10:02+01:00,,"[1844, 1969, 2139, 2701]",,34,Bmo Field,Toronto,3,2026-06-20T21:00:00+01:00,20,12,Germany,Côte d'Ivoire,GER,CIV,2,1,E,2
2,complete,group,round_2,2026-06-24T05:00:00+01:00,2026-06-26T05:00:00+01:00,2026-06-24T03:10:02+01:00,,"[1844, 1969, 2139, 2701]",,35,Geha Field At Arrowhead Stadium,"Kansas City, Missouri",16,2026-06-21T01:00:00+01:00,16,14,Ecuador,Curaçao,ECU,CUW,0,0,E,2
2,complete,group,round_2,2026-06-24T05:00:00+01:00,2026-06-26T05:00:00+01:00,2026-06-24T03:10:02+01:00,,"[1844, 1969, 2139, 2701]",,36,Estadio Bbva,Guadalupe,12,2026-06-21T05:00:00+01:00,108,49,Tunisia,Japan,TUN,JPN,0,4,F,2
2,complete,group,round_2,2026-06-24T05:00:00+01:00,2026-06-26T05:00:00+01:00,2026-06-24T03:10:02+01:00,,"[1844, 1969, 2139, 2701]",,37,Mercedes-benz Stadium,"Atlanta, Georgia",13,2026-06-21T17:00:00+01:00,97,89,Spain,Saudi Arabia,ESP,KSA,4,0,H,2
2,complete,group,round_2,2026-06-24T05:00:00+01:00,2026-06-26T05:00:00+01:00,2026-06-24T03:10:02+01:00,,"[1844, 1969, 2139, 2701]",,38,Sofi Stadium,"Inglewood, California",4,2026-06-21T20:00:00+01:00,5,47,Belgium,IR Iran,BEL,IRN,0,0,G,2
2,complete,group,round_2,2026-06-24T05:00:00+01:00,2026-06-26T05:00:00+01:00,2026-06-24T03:10:02+01:00,,"[1844, 1969, 2139, 2701]",,39,Hard Rock Stadium,"Miami Gardens, Florida",15,2026-06-21T23:00:00+01:00,110,8,Uruguay,Cabo Verde,URU,CPV,2,2,H,2
2,complete,group,round_2,2026-06-24T05:00:00+01:00,2026-06-26T05:00:00+01:00,2026-06-24T03:10:02+01:00,,"[1844, 1969, 2139, 2701]",,40,Bc Place,Vancouver,8,2026-06-22T02:00:00+01:00,55,17,New Zealand,Egypt,NZL,EGY,1,3,G,2
2,complete,group,round_2,2026-06-24T05:00:00+01:00,2026-06-26T05:00:00+01:00,2026-06-24T03:10:02+01:00,,"[1844, 1969, 2139, 2701]",,41,At&t Stadium,"Arlington, Texas",10,2026-06-22T18:00:00+01:00,2,4,Argentina,Austria,ARG,AUT,2,0,J,2
2,complete,group,round_2,2026-06-24T05:00:00+01:00,2026-06-26T05:00:00+01:00,2026-06-24T03:10:02+01:00,,"[1844, 1969, 2139, 2701]",,42,Lincoln Financial Field,"Philadelphia, Pennsylvania",11,2026-06-22T22:00:00+01:00,19,48,France,Iraq,FRA,IRQ,3,0,I,2
2,complete,group,round_2,2026-06-24T05:00:00+01:00,2026-06-26T05:00:00+01:00,2026-06-24T03:10:02+01:00,,"[1844, 1969, 2139, 2701]",,43,Metlife Stadium,"East Rutherford, New Jersey",6,2026-06-23T01:00:00+01:00,56,95,Norway,Senegal,NOR,SEN,3,2,I,2
2,complete,group,round_2,2026-06-24T05:00:00+01:00,2026-06-26T05:00:00+01:00,2026-06-24T03:10:02+01:00,,"[1844, 1969, 2139, 2701]",,44,Levi's Stadium,"Santa Clara, California",5,2026-06-23T04:00:00+01:00,50,1,Jordan,Algeria,JOR,ALG,1,2,J,2
2,complete,group,round_2,2026-06-24T05:00:00+01:00,2026-06-26T05:00:00+01:00,2026-06-24T03:10:02+01:00,,"[1844, 1969, 2139, 2701]",,45,Nrg Stadium,"Houston, Texas",9,2026-06-23T18:00:00+01:00,59,112,Portugal,Uzbekistan,POR,UZB,5,0,K,2
2,complete,group,round_2,2026-06-24T05:00:00+01:00,2026-06-26T05:00:00+01:00,2026-06-24T03:10:02+01:00,,"[1844, 1969, 2139, 2701]",,46,Gillette Stadium,"Foxborough, Massachusetts",7,2026-06-23T21:00:00+01:00,18,21,England,Ghana,ENG,GHA,0,0,L,2
2,complete,group,round_2,2026-06-24T05:00:00+01:00,2026-06-26T05:00:00+01:00,2026-06-24T03:10:02+01:00,,"[1844, 1969, 2139, 2701]",,47,Bmo Field,Toronto,3,2026-06-24T00:00:00+01:00,57,13,Panama,Croatia,PAN,CRO,0,1,L,2
2,complete,group,round_2,2026-06-24T05:00:00+01:00,2026-06-26T05:00:00+01:00,2026-06-24T03:10:02+01:00,,"[1844, 1969, 2139, 2701]",,48,Estadio Akron,Guadalajara,2,2026-06-24T03:00:00+01:00,10,11,Colombia,Congo DR,COL,COD,1,0,K,2
3,complete,group,round_3,2026-06-28T05:00:00+01:00,2026-06-30T05:00:00+01:00,2026-06-28T05:00:03+01:00,,"[1839, 1976, 2279, 2280]",,49,Bc Place,Vancouver,8,2026-06-24T20:00:00+01:00,99,9,Switzerland,Canada,SUI,CAN,2,1,B,3
3,complete,group,round_3,2026-06-28T05:00:00+01:00,2026-06-30T05:00:00+01:00,2026-06-28T05:00:03+01:00,,"[1839, 1976, 2279, 2280]",,50,Lumen Field,"Seattle, Washington",14,2026-06-24T20:00:00+01:00,6,60,Bosnia and Herzegovina,Qatar,BIH,QAT,3,1,B,3
3,complete,group,round_3,2026-06-28T05:00:00+01:00,2026-06-30T05:00:00+01:00,2026-06-28T05:00:03+01:00,,"[1839, 1976, 2279, 2280]",,52,Mercedes-benz Stadium,"Atlanta, Georgia",13,2026-06-24T23:00:00+01:00,53,46,Morocco,Haiti,MAR,HAI,4,2,C,3
3,complete,group,round_3,2026-06-28T05:00:00+01:00,2026-06-30T05:00:00+01:00,2026-06-28T05:00:03+01:00,,"[1839, 1976, 2279, 2280]",,51,Hard Rock Stadium,"Miami Gardens, Florida",15,2026-06-24T23:00:00+01:00,90,7,Scotland,Brazil,SCO,BRA,0,3,C,3
3,complete,group,round_3,2026-06-28T05:00:00+01:00,2026-06-30T05:00:00+01:00,2026-06-28T05:00:03+01:00,,"[1839, 1976, 2279, 2280]",,53,Estadio Banorte,Mexico City,1,2026-06-25T02:00:00+01:00,15,52,Czechia,Mexico,CZE,MEX,0,3,A,3
3,complete,group,round_3,2026-06-28T05:00:00+01:00,2026-06-30T05:00:00+01:00,2026-06-28T05:00:03+01:00,,"[1839, 1976, 2279, 2280]",,54,Estadio Bbva,Guadalupe,12,2026-06-25T02:00:00+01:00,96,51,South Africa,Korea Republic,RSA,KOR,1,0,A,3
3,complete,group,round_3,2026-06-28T05:00:00+01:00,2026-06-30T05:00:00+01:00,2026-06-28T05:00:03+01:00,,"[1839, 1976, 2279, 2280]",,55,Metlife Stadium,"East Rutherford, New Jersey",6,2026-06-25T21:00:00+01:00,16,20,Ecuador,Germany,ECU,GER,2,1,E,3
3,complete,group,round_3,2026-06-28T05:00:00+01:00,2026-06-30T05:00:00+01:00,2026-06-28T05:00:03+01:00,,"[1839, 1976, 2279, 2280]",,56,Lincoln Financial Field,"Philadelphia, Pennsylvania",11,2026-06-25T21:00:00+01:00,14,12,Curaçao,Côte d'Ivoire,CUW,CIV,0,2,E,3
3,complete,group,round_3,2026-06-28T05:00:00+01:00,2026-06-30T05:00:00+01:00,2026-06-28T05:00:03+01:00,,"[1839, 1976, 2279, 2280]",,58,At&t Stadium,"Arlington, Texas",10,2026-06-26T00:00:00+01:00,49,98,Japan,Sweden,JPN,SWE,1,1,F,3
3,complete,group,round_3,2026-06-28T05:00:00+01:00,2026-06-30T05:00:00+01:00,2026-06-28T05:00:03+01:00,,"[1839, 1976, 2279, 2280]",,57,Geha Field At Arrowhead Stadium,"Kansas City, Missouri",16,2026-06-26T00:00:00+01:00,108,54,Tunisia,Netherlands,TUN,NED,1,3,F,3
3,complete,group,round_3,2026-06-28T05:00:00+01:00,2026-06-30T05:00:00+01:00,2026-06-28T05:00:03+01:00,,"[1839, 1976, 2279, 2280]",,59,Sofi Stadium,"Inglewood, California",4,2026-06-26T03:00:00+01:00,109,111,Türkiye,USA,TUR,USA,3,2,D,3
3,complete,group,round_3,2026-06-28T05:00:00+01:00,2026-06-30T05:00:00+01:00,2026-06-28T05:00:03+01:00,,"[1839, 1976, 2279, 2280]",,60,Levi's Stadium,"Santa Clara, California",5,2026-06-26T03:00:00+01:00,58,3,Paraguay,Australia,PAR,AUS,0,0,D,3
3,complete,group,round_3,2026-06-28T05:00:00+01:00,2026-06-30T05:00:00+01:00,2026-06-28T05:00:03+01:00,,"[1839, 1976, 2279, 2280]",,62,Bmo Field,Toronto,3,2026-06-26T20:00:00+01:00,95,48,Senegal,Iraq,SEN,IRQ,5,0,I,3
3,complete,group,round_3,2026-06-28T05:00:00+01:00,2026-06-30T05:00:00+01:00,2026-06-28T05:00:03+01:00,,"[1839, 1976, 2279, 2280]",,61,Gillette Stadium,"Foxborough, Massachusetts",7,2026-06-26T20:00:00+01:00,56,19,Norway,France,NOR,FRA,1,4,I,3
3,complete,group,round_3,2026-06-28T05:00:00+01:00,2026-06-30T05:00:00+01:00,2026-06-28T05:00:03+01:00,,"[1839, 1976, 2279, 2280]",,63,Estadio Akron,Guadalajara,2,2026-06-27T01:00:00+01:00,110,97,Uruguay,Spain,URU,ESP,0,1,H,3
3,complete,group,round_3,2026-06-28T05:00:00+01:00,2026-06-30T05:00:00+01:00,2026-06-28T05:00:03+01:00,,"[1839, 1976, 2279, 2280]",,64,Nrg Stadium,"Houston, Texas",9,2026-06-27T01:00:00+01:00,8,89,Cabo Verde,Saudi Arabia,CPV,KSA,0,0,H,3
3,complete,group,round_3,2026-06-28T05:00:00+01:00,2026-06-30T05:00:00+01:00,2026-06-28T05:00:03+01:00,,"[1839, 1976, 2279, 2280]",,65,Bc Place,Vancouver,8,2026-06-27T04:00:00+01:00,55,5,New Zealand,Belgium,NZL,BEL,1,5,G,3
3,complete,group,round_3,2026-06-28T05:00:00+01:00,2026-06-30T05:00:00+01:00,2026-06-28T05:00:03+01:00,,"[1839, 1976, 2279, 2280]",,66,Lumen Field,"Seattle, Washington",14,2026-06-27T04:00:00+01:00,17,47,Egypt,IR Iran,EGY,IRN,1,1,G,3
3,complete,group,round_3,2026-06-28T05:00:00+01:00,2026-06-30T05:00:00+01:00,2026-06-28T05:00:03+01:00,,"[1839, 1976, 2279, 2280]",,67,Metlife Stadium,"East Rutherford, New Jersey",6,2026-06-27T22:00:00+01:00,57,18,Panama,England,PAN,ENG,0,2,L,3
3,complete,group,round_3,2026-06-28T05:00:00+01:00,2026-06-30T05:00:00+01:00,2026-06-28T05:00:03+01:00,,"[1839, 1976, 2279, 2280]",,68,Lincoln Financial Field,"Philadelphia, Pennsylvania",11,2026-06-27T22:00:00+01:00,13,21,Croatia,Ghana,CRO,GHA,2,1,L,3
3,complete,group,round_3,2026-06-28T05:00:00+01:00,2026-06-30T05:00:00+01:00,2026-06-28T05:00:03+01:00,,"[1839, 1976, 2279, 2280]",,70,Mercedes-benz Stadium,"Atlanta, Georgia",13,2026-06-28T00:30:00+01:00,11,112,Congo DR,Uzbekistan,COD,UZB,3,1,K,3
3,complete,group,round_3,2026-06-28T05:00:00+01:00,2026-06-30T05:00:00+01:00,2026-06-28T05:00:03+01:00,,"[1839, 1976, 2279, 2280]",,69,Hard Rock Stadium,"Miami Gardens, Florida",15,2026-06-28T00:30:00+01:00,10,59,Colombia,Portugal,COL,POR,0,0,K,3
3,complete,group,round_3,2026-06-28T05:00:00+01:00,2026-06-30T05:00:00+01:00,2026-06-28T05:00:03+01:00,,"[1839, 1976, 2279, 2280]",,71,At&t Stadium,"Arlington, Texas",10,2026-06-28T03:00:00+01:00,50,2,Jordan,Argentina,JOR,ARG,1,3,J,3
3,complete,group,round_3,2026-06-28T05:00:00+01:00,2026-06-30T05:00:00+01:00,2026-06-28T05:00:03+01:00,,"[1839, 1976, 2279, 2280]",,72,Geha Field At Arrowhead Stadium,"Kansas City, Missouri",16,2026-06-28T03:00:00+01:00,1,4,Algeria,Austria,ALG,AUT,3,3,J,3
4,complete,r32,round_of_32,2026-07-04T04:30:00+01:00,2026-07-06T04:30:00+01:00,2026-07-04T04:40:02+01:00,,"[1828, 1844, 1987, 2111]",,73,Sofi Stadium,"Inglewood, California",4,2026-06-28T20:00:00+01:00,96,9,South Africa,Canada,RSA,CAN,0,1,,4
4,complete,r32,round_of_32,2026-07-04T04:30:00+01:00,2026-07-06T04:30:00+01:00,2026-07-04T04:40:02+01:00,,"[1828, 1844, 1987, 2111]",,74,Nrg Stadium,"Houston, Texas",9,2026-06-29T18:00:00+01:00,7,49,Brazil,Japan,BRA,JPN,2,1,,4
4,complete,r32,round_of_32,2026-07-04T04:30:00+01:00,2026-07-06T04:30:00+01:00,2026-07-04T04:40:02+01:00,,"[1828, 1844, 1987, 2111]",,78,Gillette Stadium,"Foxborough, Massachusetts",7,2026-06-29T21:30:00+01:00,20,58,Germany,Paraguay,GER,PAR,1,1,,4
4,complete,r32,round_of_32,2026-07-04T04:30:00+01:00,2026-07-06T04:30:00+01:00,2026-07-04T04:40:02+01:00,,"[1828, 1844, 1987, 2111]",,75,Estadio Bbva,Guadalupe,12,2026-06-30T02:00:00+01:00,54,53,Netherlands,Morocco,NED,MAR,1,1,,4
4,complete,r32,round_of_32,2026-07-04T04:30:00+01:00,2026-07-06T04:30:00+01:00,2026-07-04T04:40:02+01:00,,"[1828, 1844, 1987, 2111]",,77,At&t Stadium,"Arlington, Texas",10,2026-06-30T18:00:00+01:00,12,56,Côte d'Ivoire,Norway,CIV,NOR,1,2,,4
4,complete,r32,round_of_32,2026-07-04T04:30:00+01:00,2026-07-06T04:30:00+01:00,2026-07-04T04:40:02+01:00,,"[1828, 1844, 1987, 2111]",,80,Metlife Stadium,"East Rutherford, New Jersey",6,2026-06-30T22:00:00+01:00,19,98,France,Sweden,FRA,SWE,3,0,,4
4,complete,r32,round_of_32,2026-07-04T04:30:00+01:00,2026-07-06T04:30:00+01:00,2026-07-04T04:40:02+01:00,,"[1828, 1844, 1987, 2111]",,82,Estadio Banorte,Mexico City,1,2026-07-01T03:00:00+01:00,52,16,Mexico,Ecuador,MEX,ECU,2,0,,4
4,complete,r32,round_of_32,2026-07-04T04:30:00+01:00,2026-07-06T04:30:00+01:00,2026-07-04T04:40:02+01:00,,"[1828, 1844, 1987, 2111]",,83,Mercedes-benz Stadium,"Atlanta, Georgia",13,2026-07-01T17:00:00+01:00,18,11,England,Congo DR,ENG,COD,2,1,,4
4,complete,r32,round_of_32,2026-07-04T04:30:00+01:00,2026-07-06T04:30:00+01:00,2026-07-04T04:40:02+01:00,,"[1828, 1844, 1987, 2111]",,84,Lumen Field,"Seattle, Washington",14,2026-07-01T21:00:00+01:00,5,95,Belgium,Senegal,BEL,SEN,3,2,,4
4,complete,r32,round_of_32,2026-07-04T04:30:00+01:00,2026-07-06T04:30:00+01:00,2026-07-04T04:40:02+01:00,,"[1828, 1844, 1987, 2111]",,76,Levi's Stadium,"Santa Clara, California",5,2026-07-02T01:00:00+01:00,111,6,USA,Bosnia and Herzegovina,USA,BIH,2,0,,4
4,complete,r32,round_of_32,2026-07-04T04:30:00+01:00,2026-07-06T04:30:00+01:00,2026-07-04T04:40:02+01:00,,"[1828, 1844, 1987, 2111]",,87,Sofi Stadium,"Inglewood, California",4,2026-07-02T20:00:00+01:00,97,4,Spain,Austria,ESP,AUT,3,0,,4
4,complete,r32,round_of_32,2026-07-04T04:30:00+01:00,2026-07-06T04:30:00+01:00,2026-07-04T04:40:02+01:00,,"[1828, 1844, 1987, 2111]",,85,Bmo Field,Toronto,3,2026-07-03T00:00:00+01:00,59,13,Portugal,Croatia,POR,CRO,2,1,,4
4,complete,r32,round_of_32,2026-07-04T04:30:00+01:00,2026-07-06T04:30:00+01:00,2026-07-04T04:40:02+01:00,,"[1828, 1844, 1987, 2111]",,88,Bc Place,Vancouver,8,2026-07-03T04:00:00+01:00,99,1,Switzerland,Algeria,SUI,ALG,2,0,,4
4,complete,r32,round_of_32,2026-07-04T04:30:00+01:00,2026-07-06T04:30:00+01:00,2026-07-04T04:40:02+01:00,,"[1828, 1844, 1987, 2111]",,81,At&t Stadium,"Arlington, Texas",10,2026-07-03T19:00:00+01:00,3,17,Australia,Egypt,AUS,EGY,1,1,,4
4,complete,r32,round_of_32,2026-07-04T04:30:00+01:00,2026-07-06T04:30:00+01:00,2026-07-04T04:40:02+01:00,,"[1828, 1844, 1987, 2111]",,79,Hard Rock Stadium,"Miami Gardens, Florida",15,2026-07-03T23:00:00+01:00,2,8,Argentina,Cabo Verde,ARG,CPV,3,2,,4
4,complete,r32,round_of_32,2026-07-04T04:30:00+01:00,2026-07-06T04:30:00+01:00,2026-07-04T04:40:02+01:00,,"[1828, 1844, 1987, 2111]",,86,Geha Field At Arrowhead Stadium,"Kansas City, Missouri",16,2026-07-04T02:30:00+01:00,10,21,Colombia,Ghana,COL,GHA,1,0,,4
5,complete,r16,round_of_16,2026-07-07T23:00:00+01:00,2026-07-09T23:00:00+01:00,2026-07-08T00:00:02+01:00,,"[1828, 1839, 2241, 2612]",,89,Nrg Stadium,"Houston, Texas",9,2026-07-04T18:00:00+01:00,9,53,Canada,Morocco,CAN,MAR,0,3,,5
5,complete,r16,round_of_16,2026-07-07T23:00:00+01:00,2026-07-09T23:00:00+01:00,2026-07-08T00:00:02+01:00,,"[1828, 1839, 2241, 2612]",,91,Lincoln Financial Field,"Philadelphia, Pennsylvania",11,2026-07-04T22:00:00+01:00,58,19,Paraguay,France,PAR,FRA,0,1,,5
5,complete,r16,round_of_16,2026-07-07T23:00:00+01:00,2026-07-09T23:00:00+01:00,2026-07-08T00:00:02+01:00,,"[1828, 1839, 2241, 2612]",,90,Metlife Stadium,"East Rutherford, New Jersey",6,2026-07-05T21:00:00+01:00,7,56,Brazil,Norway,BRA,NOR,1,2,,5
5,complete,r16,round_of_16,2026-07-07T23:00:00+01:00,2026-07-09T23:00:00+01:00,2026-07-08T00:00:02+01:00,,"[1828, 1839, 2241, 2612]",,92,Estadio Banorte,Mexico City,1,2026-07-06T02:00:00+01:00,52,18,Mexico,England,MEX,ENG,2,3,,5
5,complete,r16,round_of_16,2026-07-07T23:00:00+01:00,2026-07-09T23:00:00+01:00,2026-07-08T00:00:02+01:00,,"[1828, 1839, 2241, 2612]",,94,At&t Stadium,"Arlington, Texas",10,2026-07-06T20:00:00+01:00,59,97,Portugal,Spain,POR,ESP,0,1,,5
5,complete,r16,round_of_16,2026-07-07T23:00:00+01:00,2026-07-09T23:00:00+01:00,2026-07-08T00:00:02+01:00,,"[1828, 1839, 2241, 2612]",,93,Lumen Field,"Seattle, Washington",14,2026-07-07T01:00:00+01:00,111,5,USA,Belgium,USA,BEL,1,4,,5
5,complete,r16,round_of_16,2026-07-07T23:00:00+01:00,2026-07-09T23:00:00+01:00,2026-07-08T00:00:02+01:00,,"[1828, 1839, 2241, 2612]",,95,Mercedes-benz Stadium,"Atlanta, Georgia",13,2026-07-07T17:00:00+01:00,2,17,Argentina,Egypt,ARG,EGY,3,2,,5
5,complete,r16,round_of_16,2026-07-07T23:00:00+01:00,2026-07-09T23:00:00+01:00,2026-07-08T00:00:02+01:00,,"[1828, 1839, 2241, 2612]",,96,Bc Place,Vancouver,8,2026-07-07T21:00:00+01:00,99,10,Switzerland,Colombia,SUI,COL,0,0,,5
6,complete,qf,quarter_final,2026-07-12T04:00:00+01:00,2026-07-14T04:00:00+01:00,2026-07-12T04:50:02+01:00,,"[1828, 2241, 2248, 2280]",,97,Gillette Stadium,"Foxborough, Massachusetts",7,2026-07-09T21:00:00+01:00,19,53,France,Morocco,FRA,MAR,2,0,,6
6,complete,qf,quarter_final,2026-07-12T04:00:00+01:00,2026-07-14T04:00:00+01:00,2026-07-12T04:50:02+01:00,,"[1828, 2241, 2248, 2280]",,99,Sofi Stadium,"Inglewood, California",4,2026-07-10T20:00:00+01:00,97,5,Spain,Belgium,ESP,BEL,2,1,,6
6,complete,qf,quarter_final,2026-07-12T04:00:00+01:00,2026-07-14T04:00:00+01:00,2026-07-12T04:50:02+01:00,,"[1828, 2241, 2248, 2280]",,98,Hard Rock Stadium,"Miami Gardens, Florida",15,2026-07-11T22:00:00+01:00,56,18,Norway,England,NOR,ENG,1,2,,6
6,complete,qf,quarter_final,2026-07-12T04:00:00+01:00,2026-07-14T04:00:00+01:00,2026-07-12T04:50:02+01:00,,"[1828, 2241, 2248, 2280]",,100,Geha Field At Arrowhead Stadium,"Kansas City, Missouri",16,2026-07-12T02:00:00+01:00,2,99,Argentina,Switzerland,ARG,SUI,3,1,,6
7,complete,sf,semi_final,2026-07-15T22:00:00+01:00,2026-07-17T22:00:00+01:00,2026-07-15T22:10:02+01:00,,"[1829, 1844, 2844, 2852]",,101,At&t Stadium,"Arlington, Texas",10,2026-07-14T20:00:00+01:00,19,97,France,Spain,FRA,ESP,0,2,,7
7,complete,sf,semi_final,2026-07-15T22:00:00+01:00,2026-07-17T22:00:00+01:00,2026-07-15T22:10:02+01:00,,"[1829, 1844, 2844, 2852]",,102,Mercedes-benz Stadium,"Atlanta, Georgia",13,2026-07-15T20:00:00+01:00,18,2,England,Argentina,ENG,ARG,1,2,,7
8,complete,f,final,2026-07-19T23:30:00+01:00,2026-07-21T23:30:00+01:00,2026-07-19T23:14:53+01:00,4-3-3,"[1828, 1844, 1987, 2241, 2267, 2280, 2285, 2612, 2841, 2852, 2855]","[{'DEF': 4, 'MID': 4, 'FWD': 2}, {'DEF': 4, 'MID': 3, 'FWD': 3}, {'DEF': 3, 'MID': 4, 'FWD': 3}]",103,Hard Rock Stadium,"Miami Gardens, Florida",15,2026-07-18T22:00:00+01:00,19,18,France,England,FRA,ENG,4,6,,8
8,complete,f,final,2026-07-19T23:30:00+01:00,2026-07-21T23:30:00+01:00,2026-07-19T23:14:53+01:00,4-3-3,"[1828, 1844, 1987, 2241, 2267, 2280, 2285, 2612, 2841, 2852, 2855]","[{'DEF': 4, 'MID': 4, 'FWD': 2}, {'DEF': 4, 'MID': 3, 'FWD': 3}, {'DEF': 3, 'MID': 4, 'FWD': 3}]",104,Metlife Stadium,"East Rutherford, New Jersey",6,2026-07-19T20:00:00+01:00,97,2,Spain,Argentina,ESP,ARG,1,0,,9
