Round,roundName,Date,Time,homeSquadName,homeSquadAbbr,homeScore,awayScore,awaySquadName,awaySquadAbbr,Venue,penaltyShootOut
Group stage,Round_1,20/11/2022,19:00 (00:00),Qatar,qa,0,2,Ecuador,ec,Al Bayt Stadium (Neutral Site),
Group stage,Round_1,21/11/2022,16:00 (21:00),England,eng,6,2,IR Iran,ir,Khalifa International Stadium (Neutral Site),
Group stage,Round_1,21/11/2022,19:00 (00:00),Senegal,sn,0,2,Netherlands,nl,Al Thumama Stadium (Neutral Site),
Group stage,Round_1,21/11/2022,22:00 (03:00),USA,us,1,1,Wales,wls,Ahmed bin Ali Stadium (Neutral Site),
Group stage,Round_1,22/11/2022,13:00 (18:00),Argentina,ar,1,2,Saudi Arabia,sa,Lusail Iconic Stadium (Neutral Site),
Group stage,Round_1,22/11/2022,16:00 (21:00),Denmark,dk,0,0,Tunisia,tn,Education City Stadium (Neutral Site),
Group stage,Round_1,22/11/2022,19:00 (00:00),Mexico,mx,0,0,Poland,pl,Stadium 974 (Neutral Site),
Group stage,Round_1,22/11/2022,22:00 (03:00),France,fr,4,1,Australia,au,Al Janoub Stadium (Neutral Site),
Group stage,Round_1,23/11/2022,13:00 (18:00),Morocco,ma,0,0,Croatia,hr,Al Bayt Stadium (Neutral Site),
Group stage,Round_1,23/11/2022,16:00 (21:00),Germany,de,1,2,Japan,jp,Khalifa International Stadium (Neutral Site),
Group stage,Round_1,23/11/2022,19:00 (00:00),Spain,es,7,0,Costa Rica,cr,Al Thumama Stadium (Neutral Site),
Group stage,Round_1,23/11/2022,22:00 (03:00),Belgium,be,1,0,Canada,ca,Ahmed bin Ali Stadium (Neutral Site),
Group stage,Round_1,24/11/2022,13:00 (18:00),Switzerland,ch,1,0,Cameroon,cm,Al Janoub Stadium (Neutral Site),
Group stage,Round_1,24/11/2022,16:00 (21:00),Uruguay,uy,0,0,Korea Republic,kr,Education City Stadium (Neutral Site),
Group stage,Round_1,24/11/2022,19:00 (00:00),Portugal,pt,3,2,Ghana,gh,Stadium 974 (Neutral Site),
Group stage,Round_1,24/11/2022,22:00 (03:00),Brazil,br,2,0,Serbia,rs,Lusail Iconic Stadium (Neutral Site),
Group stage,round_2,25/11/2022,13:00 (18:00),Wales,wls,0,2,IR Iran,ir,Ahmed bin Ali Stadium (Neutral Site),
Group stage,round_2,25/11/2022,16:00 (21:00),Qatar,qa,1,3,Senegal,sn,Al Thumama Stadium (Neutral Site),
Group stage,round_2,25/11/2022,19:00 (00:00),Netherlands,nl,1,1,Ecuador,ec,Khalifa International Stadium (Neutral Site),
Group stage,round_2,25/11/2022,22:00 (03:00),England,eng,0,0,USA,us,Al Bayt Stadium (Neutral Site),
Group stage,round_2,26/11/2022,13:00 (18:00),Tunisia,tn,0,1,Australia,au,Al Janoub Stadium (Neutral Site),
Group stage,round_2,26/11/2022,16:00 (21:00),Poland,pl,2,0,Saudi Arabia,sa,Education City Stadium (Neutral Site),
Group stage,round_2,26/11/2022,19:00 (00:00),France,fr,2,1,Denmark,dk,Stadium 974 (Neutral Site),
Group stage,round_2,26/11/2022,22:00 (03:00),Argentina,ar,2,0,Mexico,mx,Lusail Iconic Stadium (Neutral Site),
Group stage,round_2,27/11/2022,13:00 (18:00),Japan,jp,0,1,Costa Rica,cr,Ahmed bin Ali Stadium (Neutral Site),
Group stage,round_2,27/11/2022,16:00 (21:00),Belgium,be,0,2,Morocco,ma,Al Thumama Stadium (Neutral Site),
Group stage,round_2,27/11/2022,19:00 (00:00),Croatia,hr,4,1,Canada,ca,Khalifa International Stadium (Neutral Site),
Group stage,round_2,27/11/2022,22:00 (03:00),Spain,es,1,1,Germany,de,Al Bayt Stadium (Neutral Site),
Group stage,round_2,28/11/2022,13:00 (18:00),Cameroon,cm,3,3,Serbia,rs,Al Janoub Stadium (Neutral Site),
Group stage,round_2,28/11/2022,16:00 (21:00),Korea Republic,kr,2,3,Ghana,gh,Education City Stadium (Neutral Site),
Group stage,round_2,28/11/2022,19:00 (00:00),Brazil,br,1,0,Switzerland,ch,Stadium 974 (Neutral Site),
Group stage,round_2,28/11/2022,22:00 (03:00),Portugal,pt,2,0,Uruguay,uy,Lusail Iconic Stadium (Neutral Site),
Group stage,round_3,29/11/2022,18:00 (23:00),Netherlands,nl,2,0,Qatar,qa,Al Bayt Stadium (Neutral Site),
Group stage,round_3,29/11/2022,18:00 (23:00),Ecuador,ec,1,2,Senegal,sn,Khalifa International Stadium (Neutral Site),
Group stage,round_3,29/11/2022,22:00 (03:00),Wales,wls,0,3,England,eng,Ahmed bin Ali Stadium (Neutral Site),
Group stage,round_3,29/11/2022,22:00 (03:00),IR Iran,ir,0,1,USA,us,Al Thumama Stadium (Neutral Site),
Group stage,round_3,30/11/2022,18:00 (23:00),Australia,au,1,0,Denmark,dk,Al Janoub Stadium (Neutral Site),
Group stage,round_3,30/11/2022,18:00 (23:00),Tunisia,tn,1,0,France,fr,Education City Stadium (Neutral Site),
Group stage,round_3,30/11/2022,22:00 (03:00),Saudi Arabia,sa,1,2,Mexico,mx,Lusail Iconic Stadium (Neutral Site),
Group stage,round_3,30/11/2022,22:00 (03:00),Poland,pl,0,2,Argentina,ar,Stadium 974 (Neutral Site),
Group stage,round_3,1/12/2022,18:00 (23:00),Croatia,hr,0,0,Belgium,be,Ahmed bin Ali Stadium (Neutral Site),
Group stage,round_3,1/12/2022,18:00 (23:00),Canada,ca,1,2,Morocco,ma,Al Thumama Stadium (Neutral Site),
Group stage,round_3,1/12/2022,22:00 (03:00),Japan,jp,2,1,Spain,es,Khalifa International Stadium (Neutral Site),
Group stage,round_3,1/12/2022,22:00 (03:00),Costa Rica,cr,2,4,Germany,de,Al Bayt Stadium (Neutral Site),
Group stage,round_3,2/12/2022,18:00 (23:00),Korea Republic,kr,2,1,Portugal,pt,Education City Stadium (Neutral Site),
Group stage,round_3,2/12/2022,18:00 (23:00),Ghana,gh,0,2,Uruguay,uy,Al Janoub Stadium (Neutral Site),
Group stage,round_3,2/12/2022,22:00 (03:00),Cameroon,cm,1,0,Brazil,br,Lusail Iconic Stadium (Neutral Site),
Group stage,round_3,2/12/2022,22:00 (03:00),Serbia,rs,2,3,Switzerland,ch,Stadium 974 (Neutral Site),
Round of 16,round_of_16,3/12/2022,18:00 (23:00),Netherlands,nl,3,1,USA,us,Khalifa International Stadium (Neutral Site),
Round of 16,round_of_17,3/12/2022,22:00 (03:00),Argentina,ar,2,1,Australia,au,Ahmed bin Ali Stadium (Neutral Site),
Round of 16,round_of_18,4/12/2022,18:00 (23:00),France,fr,3,1,Poland,pl,Al Thumama Stadium (Neutral Site),
Round of 16,round_of_19,4/12/2022,22:00 (03:00),England,eng,3,0,Senegal,sn,Al Bayt Stadium (Neutral Site),
Round of 16,round_of_20,5/12/2022,18:00 (23:00),Japan,jp,1,1,Croatia,hr,Al Janoub Stadium (Neutral Site),Croatia won a penalty shoot-out following extra time
Round of 16,round_of_21,5/12/2022,22:00 (03:00),Brazil,br,4,1,Korea Republic,kr,Stadium 974 (Neutral Site),
Round of 16,round_of_22,6/12/2022,18:00 (23:00),Morocco,ma,0,0,Spain,es,Education City Stadium (Neutral Site),Morocco won a penalty shoot-out following extra time
Round of 16,round_of_23,6/12/2022,22:00 (03:00),Portugal,pt,6,1,Switzerland,ch,Lusail Iconic Stadium (Neutral Site),
Quarter-finals,quarter_final,9/12/2022,18:00 (23:00),Croatia,hr,1,1,Brazil,br,Education City Stadium (Neutral Site),Croatia won a penalty shoot-out following extra time
Quarter-finals,quarter_final,9/12/2022,22:00 (03:00),Netherlands,nl,2,2,Argentina,ar,Lusail Iconic Stadium (Neutral Site),Argentina won a penalty shoot-out following extra time
Quarter-finals,quarter_final,10/12/2022,18:00 (23:00),Morocco,ma,1,0,Portugal,pt,Al Thumama Stadium (Neutral Site),
Quarter-finals,quarter_final,10/12/2022,22:00 (03:00),England,eng,1,2,France,fr,Al Bayt Stadium (Neutral Site),
Semi-finals,semi_final,13/12/2022,22:00 (03:00),Argentina,ar,3,0,Croatia,hr,Lusail Iconic Stadium (Neutral Site),
Semi-finals,semi_final,14/12/2022,22:00 (03:00),France,fr,2,0,Morocco,ma,Al Bayt Stadium (Neutral Site),
Third-place match,final,17/12/2022,18:00 (23:00),Croatia,hr,2,1,Morocco,ma,Khalifa International Stadium (Neutral Site),
Final,final,18/12/2022,18:00 (23:00),Argentina,ar,3,3,France,fr,Lusail Iconic Stadium (Neutral Site),Argentina won a penalty shoot-out following extra time
