Actual,Predicted,Residual,Abs_Error
-2,-1.5204763531691616,-0.47952364683083837,0.47952364683083837
0,-0.5033486427250653,0.5033486427250653,0.5033486427250653
-1,-0.05413280180675445,-0.9458671981932456,0.9458671981932456
2,0.9060158680699353,1.0939841319300647,1.0939841319300647
-2,-0.44474972206663094,-1.555250277933369,1.555250277933369
3,0.3354702572086502,2.6645297427913497,2.6645297427913497
-2,-1.6326811649802548,-0.36731883501974516,0.36731883501974516
-1,-0.7269224559337397,-0.2730775440662603,0.2730775440662603
0,-1.0159216286808006,1.0159216286808006,1.0159216286808006
-1,-0.09553739807204659,-0.9044626019279534,0.9044626019279534
-1,0.7744098255122283,-1.7744098255122283,1.7744098255122283
-1,-0.33597375375296645,-0.6640262462470335,0.6640262462470335
1,0.020427634791339022,0.979572365208661,0.979572365208661
0,-0.5592155447878491,0.5592155447878491,0.5592155447878491
-3,-1.2935370466061669,-1.7064629533938331,1.7064629533938331
2,1.113875561370546,0.886124438629454,0.886124438629454
2,-0.09951181607186502,2.099511816071865,2.099511816071865
-3,-1.2446083467740834,-1.7553916532259166,1.7553916532259166
0,-0.9706695717362059,0.9706695717362059,0.9706695717362059
1,-0.3334662837173176,1.3334662837173177,1.3334662837173177
1,0.25983149752818585,0.7401685024718141,0.7401685024718141
1,-0.11846645779649803,1.118466457796498,1.118466457796498
-2,0.986763953865885,-2.986763953865885,2.986763953865885
3,0.25716445437202873,2.742835545627971,2.742835545627971
0,-1.0979425345401963,1.0979425345401963,1.0979425345401963
0,0.08774161321350055,-0.08774161321350055,0.08774161321350055
0,-1.0188209324093778,1.0188209324093778,1.0188209324093778
3,0.5197845921034812,2.4802154078965186,2.4802154078965186
-2,-1.546596774391227,-0.453403225608773,0.453403225608773
-1,-0.6301542994003224,-0.3698457005996776,0.3698457005996776
-1,0.6239304314996799,-1.6239304314996799,1.6239304314996799
-3,0.5772378547256232,-3.577237854725623,3.577237854725623
-3,0.6775031827530751,-3.677503182753075,3.677503182753075
2,0.8666044656956142,1.1333955343043858,1.1333955343043858
1,-0.6302696914086785,1.6302696914086785,1.6302696914086785
-2,-0.7517128869797853,-1.2482871130202147,1.2482871130202147
3,0.13493679665527863,2.865063203344721,2.865063203344721
1,0.09920560274337459,0.9007943972566255,0.9007943972566255
-2,-1.5481573971077343,-0.45184260289226574,0.45184260289226574
-1,0.13311128697689506,-1.1331112869768951,1.1331112869768951
1,-0.7833125960282092,1.7833125960282092,1.7833125960282092
-4,-0.5795221903330703,-3.42047780966693,3.42047780966693
-1,0.7735868263090562,-1.7735868263090562,1.7735868263090562
-2,-0.7134883863834733,-1.2865116136165267,1.2865116136165267
2,1.1932322393540085,0.8067677606459915,0.8067677606459915
0,0.5859614400985551,-0.5859614400985551,0.5859614400985551
-2,-0.7588176331378722,-1.2411823668621278,1.2411823668621278
-2,-1.641447795549073,-0.35855220445092706,0.35855220445092706
-3,-0.04533691462524028,-2.9546630853747597,2.9546630853747597
-1,-0.13887637175505624,-0.8611236282449437,0.8611236282449437
-1,0.8592201882437327,-1.8592201882437327,1.8592201882437327
0,-0.26269796802993567,0.26269796802993567,0.26269796802993567
-2,-0.2368023597629993,-1.7631976402370007,1.7631976402370007
2,0.05277685087201653,1.9472231491279834,1.9472231491279834
-1,-0.3142693439354054,-0.6857306560645946,0.6857306560645946
2,0.2859434495193687,1.7140565504806313,1.7140565504806313
-2,-1.5810295553147349,-0.4189704446852651,0.4189704446852651
2,0.8931889630958016,1.1068110369041984,1.1068110369041984
1,0.00894978656777129,0.9910502134322288,0.9910502134322288
2,0.34785795591883184,1.652142044081168,1.652142044081168
3,-0.4146348742730153,3.4146348742730153,3.4146348742730153
-2,-0.7344321034286201,-1.26556789657138,1.26556789657138
-3,-0.5738255507031996,-2.4261744492968003,2.4261744492968003
-1,-0.06588542253616719,-0.9341145774638329,0.9341145774638329
3,-0.037163666613159896,3.03716366661316,3.03716366661316
-2,1.022513626555596,-3.022513626555596,3.022513626555596
-1,0.10014332667314874,-1.1001433266731486,1.1001433266731486
3,0.4809248657148187,2.519075134285181,2.519075134285181
2,-1.3117240758160778,3.3117240758160778,3.3117240758160778
-1,-0.28673446597248187,-0.7132655340275181,0.7132655340275181
2,1.1884908611262508,0.8115091388737492,0.8115091388737492
3,0.2102720624484125,2.7897279375515875,2.7897279375515875
2,1.253489229427181,0.7465107705728189,0.7465107705728189
2,0.9033924626937284,1.0966075373062716,1.0966075373062716
3,-0.27108463958941,3.27108463958941,3.27108463958941
-1,-0.11763988022591958,-0.8823601197740805,0.8823601197740805
-1,0.8816250991196319,-1.881625099119632,1.881625099119632
-1,-0.2020405594323208,-0.7979594405676792,0.7979594405676792
2,-0.03118690449115276,2.0311869044911526,2.0311869044911526
2,0.40885776871752383,1.5911422312824761,1.5911422312824761
-3,0.5104790965571311,-3.5104790965571313,3.5104790965571313
3,0.5581861538309933,2.4418138461690067,2.4418138461690067
-2,0.9691273379347642,-2.969127337934764,2.969127337934764
-3,-1.215145060432155,-1.784854939567845,1.784854939567845
-1,-1.3576259252658733,0.35762592526587333,0.35762592526587333
2,0.7817526564771797,1.2182473435228203,1.2182473435228203
-1,-0.06304253372393698,-0.936957466276063,0.936957466276063
0,0.6276766260312303,-0.6276766260312303,0.6276766260312303
0,-0.36702519407906153,0.36702519407906153,0.36702519407906153
-2,-1.5326446631595232,-0.4673553368404768,0.4673553368404768
-1,-0.07065130598207253,-0.9293486940179274,0.9293486940179274
-1,0.8480311452042606,-1.8480311452042606,1.8480311452042606
3,-0.19379267749400675,3.193792677494007,3.193792677494007
2,1.1355051116561685,0.8644948883438315,0.8644948883438315
-3,0.72146302501169,-3.72146302501169,3.72146302501169
1,-0.012828237040047152,1.0128282370400472,1.0128282370400472
-3,-0.45751105691887256,-2.5424889430811275,2.5424889430811275
-3,-0.12118191892869237,-2.8788180810713078,2.8788180810713078
-3,-0.04836556123045058,-2.9516344387695495,2.9516344387695495
-4,-0.5803406166916327,-3.4196593833083675,3.4196593833083675
-3,-0.4767696158060154,-2.5232303841939845,2.5232303841939845
0,-0.0028364823157799313,0.0028364823157799313,0.0028364823157799313
1,-0.17676022136503572,1.1767602213650357,1.1767602213650357
-1,-0.6110956442859052,-0.38890435571409476,0.38890435571409476
1,-0.44425566132405,1.44425566132405,1.44425566132405
-3,-0.2589239263718823,-2.741076073628118,2.741076073628118
0,-0.33375541914987245,0.33375541914987245,0.33375541914987245
-2,-1.056610026591713,-0.9433899734082869,0.9433899734082869
1,0.2282984234964171,0.7717015765035828,0.7717015765035828
0,-0.5445690337462479,0.5445690337462479,0.5445690337462479
0,0.6706925100922227,-0.6706925100922227,0.6706925100922227
-1,0.7933326491560555,-1.7933326491560555,1.7933326491560555
-1,-0.09614905873824925,-0.9038509412617508,0.9038509412617508
0,-0.7960682881725458,0.7960682881725458,0.7960682881725458
-1,-0.5677198077169838,-0.4322801922830162,0.4322801922830162
0,-0.9462031922231369,0.9462031922231369,0.9462031922231369
3,0.11349801214939942,2.8865019878506004,2.8865019878506004
-3,-1.1472944406476362,-1.8527055593523638,1.8527055593523638
0,-0.35628525867392585,0.35628525867392585,0.35628525867392585
1,0.14808848753653064,0.8519115124634693,0.8519115124634693
-2,-0.22219986790478624,-1.7778001320952137,1.7778001320952137
1,0.6113487158541313,0.3886512841458687,0.3886512841458687
2,0.2624189667460035,1.7375810332539965,1.7375810332539965
-4,0.14111484368732335,-4.1411148436873235,4.1411148436873235
0,-0.8509927393984367,0.8509927393984367,0.8509927393984367
-3,-0.2745225221534524,-2.725477477846548,2.725477477846548
-1,-0.0368587779372474,-0.9631412220627527,0.9631412220627527
1,-0.20854168364716757,1.2085416836471676,1.2085416836471676
-2,-0.2644014989940728,-1.7355985010059272,1.7355985010059272
-1,0.06563938658498153,-1.0656393865849816,1.0656393865849816
-1,-1.1043933489400053,0.10439334894000529,0.10439334894000529
-2,-1.6052670654955399,-0.3947329345044601,0.3947329345044601
3,-0.22371245141320378,3.2237124514132036,3.2237124514132036
1,0.5803762092107845,0.4196237907892155,0.4196237907892155
0,-0.37544933077350323,0.37544933077350323,0.37544933077350323
-1,-0.1627020415436155,-0.8372979584563844,0.8372979584563844
1,0.12272530701682377,0.8772746929831763,0.8772746929831763
-2,-1.025729886190666,-0.9742701138093339,0.9742701138093339
2,-0.024551626951258704,2.0245516269512587,2.0245516269512587
0,-0.3829849179910549,0.3829849179910549,0.3829849179910549
0,-0.2650847643800051,0.2650847643800051,0.2650847643800051
0,0.046418460314085946,-0.046418460314085946,0.046418460314085946
2,0.7618433184662636,1.2381566815337364,1.2381566815337364
2,0.29907752848421754,1.7009224715157825,1.7009224715157825
2,-1.2840111970272494,3.284011197027249,3.284011197027249
-2,-1.1622547418376723,-0.8377452581623277,0.8377452581623277
3,0.33898198824515713,2.6610180117548428,2.6610180117548428
1,-0.46603326319132504,1.466033263191325,1.466033263191325
0,-0.4919833594523874,0.4919833594523874,0.4919833594523874
3,0.46888914735883996,2.53111085264116,2.53111085264116
-1,-0.8852266544762553,-0.11477334552374474,0.11477334552374474
0,-0.336203547522925,0.336203547522925,0.336203547522925
1,0.608132916022105,0.39186708397789505,0.39186708397789505
1,-0.36763182445143555,1.3676318244514356,1.3676318244514356
-4,0.16991394049446595,-4.169913940494466,4.169913940494466
1,-0.6388516495397065,1.6388516495397065,1.6388516495397065
1,0.1374274580311749,0.862572541968825,0.862572541968825
2,-0.17645675348994908,2.176456753489949,2.176456753489949
-1,-0.15822936539857874,-0.8417706346014213,0.8417706346014213
-1,-0.563591153741791,-0.43640884625820897,0.43640884625820897
